label,comX,comY,comZ,SA,vol,sphericity,maxFeret,minFeret,aspectRatio
0.0,3.848e-06,1.848e-06,6.254999999999999e-06,1.2142035756486482e-14,1.2960000000000002e-22,1.0199900878854875,8.216394476242751e-08,4.4999978854320943e-08,0.8622972328244273
1.0,3.4000000000000005e-06,1.128e-06,2.7e-06,1.5217002591266884e-14,1.5551999999999998e-22,0.9190641833479376,1.0954712045861993e-07,5.577284877816383e-08,0.3492799872965874
2.0,5.088e-06,1.736e-06,9.135e-06,1.450239241736486e-14,1.7567999999999998e-22,1.0459863583958076,9.380945720301573e-08,4.4999978854320943e-08,0.6648759823800694
3.0,8.648000000000001e-06,5.784e-06,7.965e-06,2.066013756516891e-14,2.6208000000000005e-22,0.9586060573593276,1.2470229519427006e-07,4.4999978854320943e-08,0.3738555871012665
4.0,7.04e-06,2.8240000000000004e-06,9e-06,2.442430949560809e-14,3.2832000000000003e-22,0.9423091090423192,1.405423188042473e-07,4.4999978854320943e-08,0.3517713656717214
5.0,4.6e-06,6.9520000000000005e-06,7.38e-06,2.7415463512972964e-14,3.3696000000000005e-22,0.8541630187728967,1.4994199345747798e-07,4.4999978854320943e-08,0.291420425421844
6.0,2.0240000000000004e-06,7.44e-06,8.82e-06,2.467529655648648e-14,3.4272000000000005e-22,0.9598013940382956,1.319594788070062e-07,4.4999978854320943e-08,0.4872474019549724
7.0,1.0712e-05,9.248e-06,2.565e-06,3.171300173588091e-14,3.888000000000001e-22,0.8123271038424605,1.4524312894203665e-07,8.362933706790052e-08,0.5471807433906832
8.0,3.1920000000000005e-06,2.9200000000000004e-06,7.38e-06,2.9384812173851345e-14,4.0608e-22,0.902475884404676,1.616974021791418e-07,4.4999978854320943e-08,0.3050531780267093
9.0,5.248e-06,6.472e-06,7.38e-06,2.90745622956081e-14,4.0896e-22,0.9164135329207468,1.5708842200503173e-07,7.834290695766309e-08,0.4486160620597696
10.0,3.176e-06,1.024e-06,7.154999999999999e-06,3.40179447271985e-14,4.492800000000001e-22,0.8339130637977505,1.4996317768145385e-07,8.269039985166754e-08,0.3950613500856859
11.0,7.424e-06,7.792000000000001e-06,2.565e-06,3.598775033033782e-14,4.5504e-22,0.7949914820994282,1.94023856598425e-07,4.4999978854320943e-08,0.1661569811470424
12.0,5.592e-06,8.232e-06,3.15e-06,3.14836057564358e-14,4.5792000000000015e-22,0.912555738454806,1.373776769026605e-07,9.000018508231734e-08,0.5831617785173759
13.0,1.0072e-05,9.256e-06,9.135e-06,3.349302860863176e-14,4.752000000000001e-22,0.87925326978564,1.6555190706079198e-07,8.22872448275998e-08,0.5196495976946881
14.0,1.0472e-05,4.648e-06,8.235e-06,3.2775951965168904e-14,4.780799999999999e-22,0.902116294240316,1.6914641580893086e-07,4.4999978854320943e-08,0.3416241676829276
15.0,7.624e-06,4.088e-06,5.445e-06,3.2108358142983614e-14,4.780799999999999e-22,0.9208730074377216,1.3863294706745438e-07,8.40369961300822e-08,0.6312848424694093
16.0,6.08e-06,3.3760000000000004e-06,1.485e-06,3.4056751461192344e-14,4.8960000000000005e-22,0.8820810875831571,1.4705240889948272e-07,8.99999577086419e-08,0.6479136294243177
17.0,9.664e-06,9.256e-06,2.43e-06,3.610486913585559e-14,5.068800000000002e-22,0.8515074518708403,1.4998443380226965e-07,8.99999577086419e-08,0.6312792951910511
18.0,9.56e-06,8.192e-06,8.46e-06,3.942940812438892e-14,5.212799999999999e-22,0.7944097669315685,1.6841844851245809e-07,8.767202268846461e-08,0.4687094658646573
19.0,9.048e-06,7.736e-06,8.775e-06,3.792228797934376e-14,5.3280000000000015e-22,0.8381062320464023,1.660547316188212e-07,9.000086720334367e-08,0.4771337383716838
20.0,8.688e-06,2.4240000000000004e-06,9.45e-07,3.644830700863176e-14,5.4144e-22,0.881401236231109,1.4315787373433556e-07,9.000001455206076e-08,0.6543477516737924
21.0,7.944e-06,9.04e-07,6.344999999999999e-06,4.4375601947702674e-14,6.0768000000000015e-22,0.7818494997418791,2.396088823585335e-07,4.4999978854320943e-08,0.1017963996452703
22.0,4.48e-06,3.1200000000000004e-07,3.5550000000000003e-06,4.9331068776103036e-14,6.134400000000002e-22,0.707747472733622,1.9006746194469975e-07,1.0812399412516403e-07,0.3638196914680278
23.0,1.0408e-05,4.624e-06,8.1e-06,4.705277194729691e-14,6.220799999999999e-22,0.7489676682938788,1.973842799436694e-07,1.0715086852749236e-07,0.4765340770009893
25.0,4.76e-06,3.2400000000000003e-06,1.575e-06,4.971082207940367e-14,6.624000000000002e-22,0.7392308141950125,2.535590077618289e-07,9.000007139547962e-08,0.1345750504184699
26.0,6.92e-06,7.968e-06,3.15e-06,4.5208670361928244e-14,6.652799999999999e-22,0.815202248339885,1.7032739828382168e-07,9.000018508231734e-08,0.4591955291698095
27.0,3.728000000000001e-06,1.016e-06,3.015e-06,5.328103332284117e-14,7.344000000000001e-22,0.7388108494026011,2.337067515067188e-07,9.652859135796208e-08,0.3803558674051019
28.0,3.0080000000000003e-06,2.4800000000000004e-06,2.07e-06,5.443992606116704e-14,7.401599999999999e-22,0.7268592782764786,2.1292265153096134e-07,9.476687878324005e-08,0.4524268625611891
29.0,3.1040000000000003e-06,2.5120000000000003e-06,6.704999999999999e-06,4.9507837842955685e-14,7.9488000000000015e-22,0.8381939939332945,1.83779762905048e-07,8.99999577086419e-08,0.5369798327391386
30.0,1.0392e-05,6.9520000000000005e-06,3.105e-06,6.354272109772648e-14,8.553599999999999e-22,0.6857791450115823,2.947472445441659e-07,9.416667950271225e-08,0.1721848215450368
31.0,3.6000000000000003e-06,5.12e-06,9.225e-06,5.965932191844009e-14,9.071999999999999e-22,0.7596400247917642,2.747193342254785e-07,8.99999577086419e-08,0.1873739373382051
32.0,2.0560000000000003e-06,9.176e-06,4.95e-06,5.940456518501017e-14,9.1008e-22,0.7645114896259158,2.208629837720792e-07,1.131833256011192e-07,0.4347363826919772
33.0,9.896e-06,3.4480000000000003e-06,4.905e-06,6.120877679922616e-14,9.3888e-22,0.7575485694736775,2.432811698479197e-07,9.565513175276933e-08,0.2895294951069009
34.0,3.2960000000000003e-06,1.9200000000000003e-06,4.815e-06,7.419171248358364e-14,1.0051199999999999e-21,0.6540445614985958,2.6065943816869215e-07,8.99999577086419e-08,0.362832814460523
35.0,1.004e-05,1.04e-06,7.74e-06,5.846512890975766e-14,1.0195199999999999e-21,0.8378849300826818,1.723233863732987e-07,8.99999577086419e-08,0.5168960921251315
36.0,8.000000000000001e-07,1.232e-06,7.604999999999999e-06,6.378379104877124e-14,1.0281600000000001e-21,0.772350203595874,2.1379543600860298e-07,8.99999577086419e-08,0.4524574364040784
37.0,8e-06,9.04e-07,6.48e-06,6.93991365494913e-14,1.0368000000000002e-21,0.7138276776417994,2.130250444296211e-07,1.138708412784318e-07,0.4051159270467057
38.0,8.16e-06,7.968e-06,2.34e-06,6.459100097143186e-14,1.0368000000000002e-21,0.7669648051340816,2.537674375744429e-07,8.99999577086419e-08,0.2219083642952563
39.0,3.28e-07,7.856e-06,8.46e-06,6.253817506077711e-14,1.0483200000000002e-21,0.7979974463333712,2.189069070331898e-07,4.4999978854320943e-08,0.335159852767323
40.0,9.712e-06,9.224e-06,2.745e-06,6.80314707069481e-14,1.0598400000000002e-21,0.7389263195035828,2.392832179191012e-07,1.350001639366383e-07,0.5053504431339776
41.0,6.2e-06,1.904e-06,9e-07,6.933459133737407e-14,1.0684799999999999e-21,0.7289735363907325,2.358796544894895e-07,1.280000105907675e-07,0.325764280204343
42.0,8.480000000000001e-07,1.76e-06,6.3e-06,7.975257206019389e-14,1.1462400000000002e-21,0.6641351498492297,2.1737159584632002e-07,1.2824751488596005e-07,0.6133110929658585
43.0,1.448e-06,1.064e-06,8.775e-06,7.017585517607974e-14,1.1664000000000001e-21,0.7635920849953177,2.61442940830169e-07,9.062109384377065e-08,0.3606536528782375
44.0,4.7200000000000004e-07,6.872e-06,1.89e-06,6.658947839067717e-14,1.1779200000000001e-21,0.8100075035561501,2.154797770605803e-07,8.99999577086419e-08,0.4222938262646464
45.0,1.312e-06,9.28e-07,2.385e-06,6.854048439392445e-14,1.1894400000000001e-21,0.7920731920563934,2.2624045767606243e-07,8.99999577086419e-08,0.3479951733849559
46.0,1.456e-06,2.032e-06,8.955e-06,7.176647839298784e-14,1.1923199999999999e-21,0.7576891029758401,2.290692484644089e-07,9.600000794307563e-08,0.2534665510238768
47.0,8.136e-06,4.632e-06,6.57e-06,8.453971770418925e-14,1.2240000000000002e-21,0.6545521841783514,3.906904148034076e-07,4.4999978854320957e-08,0.100935891102086
48.0,8.632e-06,8.224e-06,2.34e-06,7.712720734809276e-14,1.2412800000000001e-21,0.7241963915956797,2.462192224299367e-07,1.35692448787743e-07,0.4515245280824314
49.0,7.976e-06,8.296e-06,4.995e-06,7.827620232075113e-14,1.2412800000000001e-21,0.7135661107633127,3.01523247517111e-07,1.2148349688087496e-07,0.2082828085890723
50.0,8.528e-06,2.488e-06,3.105e-06,7.96614406968642e-14,1.2729600000000002e-21,0.7130376673552901,2.2124700426770787e-07,1.3228919096811964e-07,0.5888537704819624
51.0,6.9520000000000005e-06,9.008e-06,3.87e-06,7.787815062275595e-14,1.2873600000000003e-21,0.7348553076843514,2.713569496588894e-07,1.3499993656296286e-07,0.4310557965912676
52.0,1.0328e-05,3.232e-06,8.1e-06,8.489051007720366e-14,1.3507200000000001e-21,0.6960950332713732,2.392592377591175e-07,1.280000105907675e-07,0.422203309541463
53.0,1.0704e-05,7.208e-06,9.09e-06,7.855552035085165e-14,1.3535999999999999e-21,0.7532994411141843,2.1301594881897445e-07,1.3499993656296286e-07,0.5406693218677253
54.0,3.576e-06,3.0960000000000005e-06,8.64e-06,9.16455039870372e-14,1.3651200000000001e-21,0.6493619646091996,2.639996647520405e-07,1.323752479313376e-07,0.4092075749320469
55.0,1.0728e-05,4.392e-06,3.87e-06,8.956267744357698e-14,1.3708800000000002e-21,0.6663309969713971,2.318636144979653e-07,1.4127419992798008e-07,0.3752571369718204
56.0,6.064e-06,9e-06,2.07e-06,7.5001394948042e-14,1.3795199999999999e-21,0.79903680547147,2.09347812168209e-07,1.278117616957123e-07,0.4323324673771976
57.0,8.16e-06,3.6000000000000003e-06,9.27e-06,6.913554807208505e-14,1.4025600000000001e-21,0.8764564613907851,2.103697950223928e-07,1.280000105907675e-07,0.4785706565284783
58.0,6.544e-06,2.488e-06,7.56e-06,9.221350387531656e-14,1.4083200000000002e-21,0.6589065599695431,2.3461192626720346e-07,1.7643732098971899e-07,0.7604200791155044
59.0,4.256e-06,2.256e-06,8.055e-06,8.601007046029529e-14,1.4198400000000002e-21,0.7102770120615388,2.6745598628795265e-07,8.99999577086419e-08,0.4299847298761773
60.0,2.1360000000000004e-06,2.408e-06,2.79e-06,8.591718441201194e-14,1.4284799999999999e-21,0.7139265464975716,2.760786646196279e-07,1.1757202540037193e-07,0.173957486231216
61.0,8.136e-06,7.2000000000000005e-06,1.665e-06,9.709709093248823e-14,1.4457600000000002e-21,0.6368082912568176,2.719727455881815e-07,1.1453362630612553e-07,0.4962202644883526
62.0,1.664e-06,1.352e-06,4.815e-06,7.403748999144751e-14,1.4774400000000001e-21,0.8473035112272798,2.219554013611464e-07,1.3499993656296286e-07,0.6352940112549764
63.0,8.08e-07,8.944000000000001e-06,5.355e-06,1.0499250910385601e-13,1.5033599999999999e-21,0.6044603297666596,4.242621240340968e-07,1.1200000926692157e-07,0.0643805145092106
64.0,5.112e-06,1.472e-06,3.5100000000000003e-06,9.207124114790093e-14,1.5062400000000002e-21,0.6901702653597911,3.27931755010417e-07,1.3023008317790996e-07,0.2530244260204176
65.0,1.0064e-05,9e-06,8.145e-06,8.455304211413344e-14,1.5292799999999999e-21,0.759182565650003,2.4704099876699055e-07,8.99999577086419e-08,0.4453034148804141
66.0,1.832e-06,5.128e-06,1.305e-06,8.608572312791836e-14,1.5407999999999999e-21,0.7494060112648273,3.098073275292192e-07,8.99999577086419e-08,0.2074414276749423
67.0,4.144e-06,5.6e-07,2.475e-06,8.769877453891896e-14,1.5523200000000001e-21,0.7392842178000893,2.7896012796475585e-07,8.99999577086419e-08,0.2567407294118841
68.0,9.232e-06,6.656e-06,6.524999999999999e-06,7.685479123261756e-14,1.5609600000000004e-21,0.8467223564548066,2.432817659161507e-07,8.99999577086419e-08,0.4050688757936757
69.0,8.048e-06,8.536000000000001e-06,5.94e-06,9.787690236461117e-14,1.5926400000000004e-21,0.6738278977617392,2.517118794765472e-07,1.5064687047003236e-07,0.5355952727596923
70.0,1.0488e-05,2.912e-06,2.475e-06,1.0850539742630027e-13,1.6415999999999999e-21,0.6202179693976896,3.6890113802165924e-07,1.252983601265973e-07,0.1429566543942831
71.0,9.336e-06,6.224e-06,2.295e-06,1.079988732456132e-13,1.6617600000000001e-21,0.6282180840006559,3.68048628855329e-07,1.3499993656296286e-07,0.183511460102826
72.0,7.432e-06,3.608e-06,7.064999999999999e-06,8.193828419022923e-14,1.6848000000000004e-21,0.8356597697581504,2.201090679284807e-07,1.22801339906407e-07,0.4540495670132261
73.0,8.096e-06,8.584e-06,6.12e-06,9.483698893104179e-14,1.6876800000000001e-21,0.7228248980673774,2.649378639846705e-07,1.2963342587859976e-07,0.2323261906467101
74.0,5.568e-06,7.776e-06,3.015e-06,8.219412471894674e-14,1.6905599999999999e-21,0.8349562926408775,2.0642148492490828e-07,1.3499993656296286e-07,0.6027259413103633
75.0,8.544e-06,2.1120000000000003e-06,6.524999999999999e-06,9.095597494318959e-14,1.6934400000000002e-21,0.7553810756217253,2.856509829144763e-07,1.3109758323051162e-07,0.346537207548228
76.0,9.816e-06,6.28e-06,2.115e-06,9.3195679361227e-14,1.69632e-21,0.738063170232079,2.747192636185136e-07,1.350001639366383e-07,0.3389747557141679
77.0,3.5680000000000004e-06,3.328e-06,8.055e-06,8.516185096751193e-14,1.71648e-21,0.8140758362597471,2.2215903751076145e-07,1.5199998415482696e-07,0.6948161317814293
78.0,3.96e-06,7.832e-06,5.175e-06,1.1049943924592721e-13,1.76544e-21,0.6392823172870097,2.738751775853219e-07,1.598024870058579e-07,0.4815611017993634
79.0,3.2080000000000005e-06,2.5520000000000003e-06,6.84e-06,9.611689116775993e-14,1.8086400000000002e-21,0.7468828663348084,2.891390005891459e-07,1.2774305929257033e-07,0.4346803322559793
80.0,5.888e-06,8.176000000000001e-06,4.23e-06,9.863607702033643e-14,1.8115199999999998e-21,0.7285797374496755,3.261414514713861e-07,1.425821028009437e-07,0.3401986939642932
81.0,8.944000000000001e-06,6.256e-06,7.064999999999999e-06,9.794589005353385e-14,1.8374399999999998e-21,0.7406960324704238,2.693384634895946e-07,1.3499993656296286e-07,0.4695495439651736
82.0,1.0696e-05,7.552e-06,3.6000000000000003e-06,9.25116575767655e-14,1.9036800000000006e-21,0.8029409857171657,2.338374909547137e-07,1.4443073207642157e-07,0.4741555185632821
83.0,9.6e-06,5.68e-06,2.16e-06,1.1069914896808977e-13,1.9123199999999998e-21,0.6730493158199714,2.790783169212477e-07,1.502636025728177e-07,0.289025192188702
84.0,5.16e-06,1.648e-06,9.045e-06,1.09516306200393e-13,1.91808e-21,0.6816840749501373,2.960641680669487e-07,1.3600003967439989e-07,0.43728756842074
85.0,4.576e-06,3.2400000000000003e-06,7.83e-06,1.057369796857049e-13,1.9209600000000004e-21,0.7067558924951505,2.9574070458177255e-07,1.4388109471328678e-07,0.2967303706094687
86.0,3.0560000000000005e-06,8.528e-06,1.215e-06,9.875626956134709e-14,1.9267200000000007e-21,0.7582257308612,2.6814839239553095e-07,1.200000951939728e-07,0.5293405512890149
87.0,1.0664e-05,4.44e-06,8.235e-06,1.203969577786115e-13,1.9382399999999997e-21,0.6244154580715118,2.702643164443647e-07,1.6800004232209178e-07,0.6968237714002568
88.0,2.7520000000000005e-06,5.408e-06,1.44e-06,1.186202764944605e-13,1.94112e-21,0.634395531603718,2.8215692689526094e-07,1.3499993656296286e-07,0.4646432717074223
89.0,6.296e-06,3.736e-06,5.31e-06,1.0415671729673085e-13,1.99008e-21,0.7345880584292979,2.964341746569039e-07,1.3500039131031374e-07,0.3309522395019919
90.0,8.648000000000001e-06,2.1520000000000003e-06,8.775e-06,9.771627324977589e-14,1.9958400000000004e-21,0.7845146249208973,2.605441515874642e-07,1.3130561277091636e-07,0.4019714527887575
91.0,6.328e-06,1.424e-06,4.679999999999999e-06,1.1223776875269669e-13,1.9958400000000004e-21,0.6830129136487665,3.253436473058827e-07,1.5199998415482696e-07,0.3188570069175597
92.0,4.568e-06,3.2000000000000003e-06,1.8e-06,1.0691976745748567e-13,2.0044800000000002e-21,0.7190525054607515,2.498549779408687e-07,1.3500005024980058e-07,0.5716756866410294
93.0,8.408e-06,7.312e-06,2.7e-06,1.1076725543383525e-13,2.0217600000000004e-21,0.6980595335972579,2.720781386124624e-07,1.3488435869793758e-07,0.4884557405531041
94.0,7.848e-06,8.552e-06,1.89e-06,1.01324157646019e-13,2.0390399999999997e-21,0.7674585925199934,2.5758249569163724e-07,1.3499993656296286e-07,0.4791109502970918
95.0,5.12e-07,5.760000000000001e-07,8.235e-06,1.0115434814127723e-13,2.04192e-21,0.7694706350395024,2.662930933443543e-07,1.3499993656296286e-07,0.4716911740981896
96.0,7.016e-06,4.16e-07,4.499999999999999e-06,1.2798513853217374e-13,2.0707200000000004e-21,0.6138640029463133,2.618476916024388e-07,1.5673004177400996e-07,0.3966994093759997
97.0,1.016e-05,7.920000000000001e-07,1.935e-06,1.0873824492789293e-13,2.0793600000000002e-21,0.7245275915480482,2.619893928907541e-07,1.3499993656296286e-07,0.5840773644438979
98.0,2.0160000000000003e-06,2.4960000000000003e-06,3.87e-06,1.1648826016803245e-13,2.1139199999999997e-21,0.6837977447548368,2.615123374799592e-07,1.3499993656296286e-07,0.4993231927952577
99.0,8.640000000000001e-07,4.904e-06,1.305e-06,1.2256364276481041e-13,2.1167999999999997e-21,0.650492582518405,2.688648549452845e-07,1.5173793750256377e-07,0.4615163648890544
100.0,2.7840000000000004e-06,2.32e-06,4.095e-06,1.256683080885435e-13,2.1398399999999997e-21,0.6390172139646646,2.954566495938606e-07,1.5094499688520064e-07,0.2632094651455087
101.0,1.0752e-05,8.84e-06,7.74e-06,1.0473794446085917e-13,2.2003200000000007e-21,0.7810952120149078,2.811397431719016e-07,1.5003767976116242e-07,0.3081480403086756
102.0,8.184e-06,8.704e-06,2.25e-06,1.058616297708739e-13,2.3097599999999998e-21,0.7982215577916746,2.418592649846869e-07,1.3499993656296286e-07,0.6877428341805063
103.0,2.1920000000000004e-06,1.008e-06,4.095e-06,1.209460943565753e-13,2.34144e-21,0.7050408784446828,2.7193321318621266e-07,1.5999989955162166e-07,0.7331317515991125
104.0,8.056e-06,8.224e-06,5.94e-06,1.1550297528850293e-13,2.3731200000000003e-21,0.7449104827353003,3.17998275569982e-07,1.3576499555342569e-07,0.2823030413053615
105.0,7.040000000000001e-07,4.008e-06,2.655e-06,1.2023417506929157e-13,2.3760000000000007e-21,0.716177194246695,2.68737475790313e-07,1.6000001323845939e-07,0.4366638173721163
106.0,2.28e-06,2.8800000000000004e-06,3.6000000000000003e-06,1.24604422016192e-13,2.4048000000000002e-21,0.6966318261080011,3.220498541509296e-07,1.3697690159851502e-07,0.428449291741475
107.0,6.968e-06,3.688000000000001e-06,5.985e-06,1.224406543585288e-13,2.4105599999999998e-21,0.7100742761068332,3.844234357741957e-07,1.3499993656296286e-07,0.2272641113287634
108.0,9.848e-06,2.6720000000000004e-06,5.22e-06,1.2312756537360746e-13,2.4278400000000006e-21,0.7094833487928579,2.517118794765472e-07,1.5999989955162166e-07,0.6972917755490329
109.0,1.0384e-05,7.36e-06,4.275e-06,1.1949525824773358e-13,2.4422400000000004e-21,0.7339373886436763,2.999256158467008e-07,1.645748963935953e-07,0.4931750932059877
110.0,1.424e-06,4.944e-06,1.62e-06,1.3082264126838064e-13,2.4480000000000003e-21,0.6714424894656073,2.933886375197e-07,1.5200009784166468e-07,0.4560247540298964
111.0,5.992e-06,4.608e-06,2.34e-06,1.3282869090435405e-13,2.4796800000000002e-21,0.6669951226139564,3.051295934740882e-07,1.5957781642532557e-07,0.5216397706733131
112.0,8.2e-06,2.8800000000000004e-06,8.1e-06,1.1183231335494141e-13,2.4998400000000007e-21,0.7965107183857547,2.597667490389849e-07,1.6433793566772965e-07,0.6356044463394258
113.0,1.044e-05,2.4640000000000005e-06,1.485e-06,1.498928122096918e-13,2.5776000000000006e-21,0.6065226151475525,3.02317245217441e-07,1.425187878754765e-07,0.4946561305444237
114.0,8.168e-06,4.152e-06,8.595e-06,1.4096890797600192e-13,2.6236800000000007e-21,0.6525814113555264,3.164558103439138e-07,1.3499993656296286e-07,0.5690400738362665
115.0,9.296e-06,6.832e-06,6.12e-06,1.2541741969054382e-13,2.6351999999999998e-21,0.7356456155445928,2.856509829144763e-07,1.6646485084161356e-07,0.4271268522055085
116.0,7.376e-06,4.056e-06,7.244999999999999e-06,1.3029959318665585e-13,2.664e-21,0.7132315482988539,3.2484506457682175e-07,1.7836249850440873e-07,0.3866942654318176
117.0,4.648e-06,8.696e-06,4.185e-06,1.251184020882161e-13,2.6697600000000004e-21,0.743836952946578,2.690708810279947e-07,1.4089729551558645e-07,0.3247067427558588
118.0,5.152e-06,8.136e-06,2.61e-06,1.2013277905099762e-13,2.6928000000000004e-21,0.7791576393384101,3.307539963590968e-07,1.350001639366383e-07,0.3523640273862005
119.0,1.06e-05,5.928e-06,2.475e-06,1.7230778098676167e-13,2.6956800000000004e-21,0.5436150344736511,4.782831032904834e-07,1.4971265038094686e-07,0.1558537697388972
120.0,7.208e-06,5.92e-07,4.14e-06,1.314730984893509e-13,2.7014400000000007e-21,0.7134728371997752,3.022052541269477e-07,1.679999854786729e-07,0.4979362232324383
121.0,1.0512e-05,8.592e-06,2.07e-06,1.2575055237537985e-13,2.7100799999999998e-21,0.7475305806236922,3.184251861426296e-07,1.3499993656296286e-07,0.3686500201743232
122.0,5.24e-06,8.336e-06,6.075e-06,1.403159991566326e-13,2.7273600000000006e-21,0.6727781978553409,3.1701667376561573e-07,1.552280618925749e-07,0.4902657797068736
123.0,8.752e-06,1.456e-06,6.3e-06,1.659671994942835e-13,2.7590399999999998e-21,0.5731925317058211,4.973496219513804e-07,1.4385983316785678e-07,0.0665147486198697
124.0,9.328e-06,8.344e-06,1.26e-06,1.327533615789346e-13,2.7619199999999997e-21,0.7170993475294011,2.726202493210068e-07,1.7249630121642114e-07,0.4965451568644239
125.0,1.0168e-05,8.632e-06,1.17e-06,1.3797836119929024e-13,2.7849599999999998e-21,0.6937757516487169,3.952043592033533e-07,1.3499993656296286e-07,0.2251120690817361
126.0,7.28e-06,5.528e-06,8.1e-06,1.3161828062270522e-13,2.7936000000000004e-21,0.7288039638253063,3.621997618254157e-07,8.99999577086419e-08,0.3313918445124343
127.0,1.872e-06,8.616e-06,4.589999999999999e-06,1.2046367632172801e-13,2.8339199999999998e-21,0.8039327773176375,2.573980843352103e-07,1.6967478763807326e-07,0.6441556457705425
128.0,6.256e-06,8.536000000000001e-06,1.26e-06,1.6569030960228708e-13,2.8367999999999997e-21,0.5848881563109415,4.923668860118077e-07,1.355590163780056e-07,0.0908826828111999
129.0,4.128e-06,7.552e-06,3.915e-06,1.6870775255749226e-13,2.8512000000000006e-21,0.5763693430341537,3.615068223844693e-07,2.244799249795519e-07,0.3809463079464821
130.0,4.528e-06,1.9200000000000003e-06,3.5550000000000003e-06,1.2382712560475053e-13,2.8627200000000005e-21,0.7873858045573974,2.908675535732147e-07,1.3499993656296286e-07,0.5514933484830454
131.0,9.008e-06,5.784e-06,6.164999999999999e-06,1.5166595652155408e-13,2.8800000000000002e-21,0.6454426721794119,4.815867092043513e-07,8.99999577086419e-08,0.1250876006804699
132.0,2.568e-06,1.968e-06,7.154999999999999e-06,1.7738388905100461e-13,2.9232000000000007e-21,0.5573683521617705,5.656404300102056e-07,1.3499993656296286e-07,0.1381671936885514
133.0,5.032e-06,6.2e-06,2.34e-06,1.5445089604030148e-13,2.9318399999999998e-21,0.6413875656178614,4.081785207941047e-07,1.6947102302955001e-07,0.3752647719105361
134.0,4.0000000000000003e-07,7.6e-06,1.98e-06,1.3410938598141814e-13,2.9750400000000007e-21,0.745910676191253,2.777014871869108e-07,1.7229579350054193e-07,0.4950715760741778
135.0,6.216e-06,7.592e-06,3.5550000000000003e-06,1.213519200018517e-13,2.9836799999999998e-21,0.8259218733037856,2.656457645526443e-07,1.3499993656296286e-07,0.5715905725958041
136.0,7.200000000000001e-07,2.488e-06,6.66e-06,1.592509841644422e-13,2.9865600000000005e-21,0.6297712477114518,4.5111240651879684e-07,1.4591775672717306e-07,0.1699710640262988
137.0,3.48e-06,1.68e-06,3.645e-06,1.405353887847665e-13,2.9894400000000004e-21,0.7140988262021946,3.001728859872284e-07,1.5200009784166468e-07,0.4192173018213188
139.0,8.688e-06,2.312e-06,1.125e-06,2.102978891862129e-13,3.0326399999999998e-21,0.4817959188151683,4.6534483736933996e-07,2.0927375137816315e-07,0.4377123318226268
140.0,1.0384e-05,3.848e-06,7.11e-06,1.814740870350037e-13,3.0585599999999998e-21,0.5614970866776074,4.3220189347502905e-07,1.886866699683314e-07,0.2984791073588558
141.0,8.432e-06,5.744e-06,2.835e-06,1.6558261601470181e-13,3.0614400000000005e-21,0.6157719281089443,3.856743807423504e-07,1.3499993656296286e-07,0.4791167917252568
142.0,7.08e-06,7e-06,7.154999999999999e-06,1.775784963439377e-13,3.1075199999999998e-21,0.5799221611445676,3.698155827989635e-07,1.591219059849464e-07,0.3186010947881461
143.0,7.984e-06,3.2640000000000004e-06,6.974999999999999e-06,1.639093028385168e-13,3.1507200000000006e-21,0.634094122827232,3.183625568124111e-07,1.592794536087583e-07,0.4172882165419305
144.0,5.176e-06,8.696e-06,9.135e-06,1.3035560367332088e-13,3.1939200000000004e-21,0.804582240001911,2.758462247828439e-07,1.7551957900031518e-07,0.5380616656796756
145.0,3.1840000000000003e-06,8.408e-06,8.910000000000001e-06,1.847042788722835e-13,3.2083199999999998e-21,0.5695418222454907,4.369926381899061e-07,1.999999312829459e-07,0.2597086972858472
146.0,8.8e-06,5.64e-06,8.190000000000001e-06,1.6957679341612262e-13,3.2774400000000002e-21,0.6292272739399466,3.194876753460179e-07,1.7222204803596405e-07,0.4200196800898022
147.0,6.928e-06,3.2000000000000003e-06,3.15e-06,1.8537549410605737e-13,3.2774400000000002e-21,0.5756011276423494,3.411822475043535e-07,1.8860527061883043e-07,0.5314198440309502
148.0,6.72e-06,2.4240000000000004e-06,6.48e-06,1.3913251628133454e-13,3.3033600000000002e-21,0.7709497796151357,3.4337528669513294e-07,1.682262523644969e-07,0.4307501256172097
149.0,9.408e-06,7.904000000000001e-06,6.434999999999999e-06,2.025069332248559e-13,3.3955199999999996e-21,0.5394879594334376,4.566583802421453e-07,1.7999991541728377e-07,0.3410469704289235
150.0,5.192e-06,6.24e-06,7.83e-06,1.7064128723046125e-13,3.4041600000000006e-21,0.6413178315933803,3.7455073234481037e-07,1.8353652831292893e-07,0.3703803785779072
151.0,1.0376e-05,2.4800000000000005e-07,1.44e-06,1.7168840366509657e-13,3.412799999999999e-21,0.6384845419897418,4.009061656543678e-07,1.696837288138962e-07,0.2621151536074221
152.0,4.024e-06,6.7040000000000005e-06,8.595e-06,1.6037694916054247e-13,3.43872e-21,0.6869736086951704,3.1186290904326857e-07,1.7194736877252526e-07,0.4848536039336879
153.0,8.456e-06,8.408e-06,4.95e-06,1.599481613382055e-13,3.456000000000001e-21,0.6911209027560126,2.855448924998506e-07,1.7935562418233593e-07,0.4227107559176621
154.0,6.528e-06,7.976e-06,1.44e-06,1.5664427359114306e-13,3.49056e-21,0.7103946352936058,3.443431503807592e-07,1.8545291784581346e-07,0.3792501563700772
155.0,4.432e-06,7.168e-06,7.424999999999999e-06,1.6129272029151808e-13,3.553920000000001e-21,0.6982449277293928,2.884302987448273e-07,1.713259469893805e-07,0.4788562412987847
156.0,1.976e-06,7.824e-06,5.625e-06,1.7190812666453725e-13,3.5856000000000005e-21,0.6590154700825335,3.3187635173579706e-07,1.6674033502873762e-07,0.4566415282484408
157.0,6.936e-06,6.864e-06,2.7e-06,1.5279846816255708e-13,3.5913600000000004e-21,0.7422287141314508,3.611512380320568e-07,1.5255703494520666e-07,0.3465054263220949
158.0,6.904e-06,8.664e-06,2.7e-06,1.709716382126147e-13,3.637440000000001e-21,0.6689966509629802,2.873590072545844e-07,1.868604974963161e-07,0.5095353258937657
159.0,4.608e-06,5.776e-06,6.57e-06,2.0189419802706838e-13,3.6748799999999995e-21,0.57041253504857,4.0429247258141686e-07,2.240003595943563e-07,0.3580611354341469
160.0,6.288e-06,9.36e-07,2.655e-06,1.6412754417096528e-13,3.68064e-21,0.702400611486724,3.224869182170448e-07,1.8000014279095924e-07,0.620373242525795
161.0,7.888e-06,1.688e-06,8.1e-07,1.8337550382230579e-13,3.71232e-21,0.6322755788073504,3.801259508366018e-07,1.6506854615594382e-07,0.4237463558822266
162.0,4.656e-06,4.128e-06,2.79e-06,2.202725435334527e-13,3.8390400000000004e-21,0.538276619017032,5.322150420969037e-07,1.4636616899068608e-07,0.1497075312782867
163.0,4.6e-06,2.848e-06,6.75e-06,2.0298787882265179e-13,3.873600000000001e-21,0.5876118345125947,4.124976670480123e-07,1.5999989955162166e-07,0.2639945714737634
164.0,6.936e-06,8.248e-06,3.78e-06,1.746865888505634e-13,3.899520000000001e-21,0.6858545038491037,3.0630656135678734e-07,2.0441028716248466e-07,0.7232626875044398
165.0,9.192e-06,8.064e-06,6.84e-06,2.371892785903137e-13,3.93408e-21,0.5081023400325756,6.102596870212799e-07,2.1741378463925254e-07,0.2148772256303865
166.0,1.312e-06,8.488e-06,8.325e-06,1.861783182054521e-13,3.936960000000001e-21,0.6476330792066158,3.531377505440959e-07,1.755653259921189e-07,0.539212278491067
167.0,1.256e-06,3.1280000000000004e-06,3.96e-06,1.5227982077660677e-13,3.96e-21,0.794886689587394,3.327426679974675e-07,1.6279824027034946e-07,0.4000952264571414
168.0,5.208e-06,3.5280000000000004e-06,1.53e-06,1.94182177230741e-13,3.977280000000001e-21,0.6251710649126921,3.138310665170597e-07,2.1895686222531415e-07,0.4797143359071808
169.0,7.4e-06,8.544e-06,2.25e-06,1.7975407967411188e-13,4.1011200000000006e-21,0.6892980025647378,3.238816370314486e-07,1.769345265000769e-07,0.5150099145376617
170.0,1.528e-06,6.04e-06,1.665e-06,1.9007531369199082e-13,4.199040000000001e-21,0.662203923755613,3.263762183861116e-07,1.800000291041215e-07,0.6331870532248981
171.0,1.0496e-05,4.072e-06,9.09e-06,2.1707243458958962e-13,4.2537599999999994e-21,0.5848728154351451,4.481953779122522e-07,1.583752196118472e-07,0.1814965721772198
172.0,4.568e-06,7.552e-06,4.095e-06,1.9762411942826622e-13,4.271040000000001e-21,0.6441691703787401,4.816621036642912e-07,1.5188907679026533e-07,0.278202699281606
173.0,4.784e-06,2.24e-06,6.39e-06,1.9877282464393258e-13,4.308480000000001e-21,0.644183855088754,5.586202993915177e-07,1.3499993656296286e-07,0.1316958006026947
174.0,1.976e-06,4.208e-06,2.655e-06,1.8348114608703001e-13,4.308480000000001e-21,0.6978714009409642,3.574922441979372e-07,2.2107092596882035e-07,0.4014601750820171
175.0,3.72e-06,8.8e-07,8.910000000000001e-06,2.287309324993356e-13,4.406400000000001e-21,0.5682618528106912,3.997353738135934e-07,1.7599995771888646e-07,0.4048618776590297
176.0,7.712e-06,1.2e-06,4.185e-06,2.0184499462049855e-13,4.4121600000000004e-21,0.6445159098111439,4.4586921508200493e-07,2.0000004496978366e-07,0.2587645834263973
177.0,2.7440000000000003e-06,1.584e-06,6.254999999999999e-06,1.973124421895297e-13,4.4380800000000004e-21,0.6619010501812544,3.224871151284238e-07,1.9191777751334905e-07,0.5850426313323411
178.0,8.312000000000001e-06,4.7200000000000004e-07,2.835e-06,2.0643081212326025e-13,4.440960000000001e-21,0.6329375247918604,3.180657708821818e-07,2.56000021181535e-07,0.7606168876765037
179.0,3.696e-06,3.696e-06,5.805e-06,1.8579353700991872e-13,4.5158400000000004e-21,0.7111249004030744,3.601701385800727e-07,2.0364685022026746e-07,0.4290584171613305
180.0,7.1440000000000005e-06,2.1200000000000005e-06,2.565e-06,2.57445396385357e-13,4.530240000000001e-21,0.5142959857506371,4.97045445234645e-07,2.436323542170294e-07,0.2007122229084842
181.0,8.888e-06,3.1680000000000004e-06,5.04e-06,1.7045752530153636e-13,4.538880000000001e-21,0.7777387648085742,3.8640732787481867e-07,1.7999991541728377e-07,0.3828415985666492
182.0,4.0000000000000003e-07,6.800000000000001e-07,4.635e-06,2.585154223569226e-13,4.633920000000001e-21,0.51995212241586,4.2574735272130333e-07,2.159094236458352e-07,0.4730337979326044
183.0,3.904e-06,7.36e-06,1.98e-06,1.7683199309915252e-13,4.6454399999999996e-21,0.7613911993182314,3.328513877120122e-07,1.9884468146035646e-07,0.4794600329087213
184.0,3.1440000000000003e-06,5.456e-06,1.305e-06,1.6461860476473586e-13,4.7030399999999994e-21,0.8246272011533977,2.9264193638165345e-07,1.8879094940623762e-07,0.6556158221674457
185.0,9.192e-06,2.3840000000000004e-06,8.55e-07,2.1975792680712842e-13,4.7116800000000004e-21,0.6184768285072446,5.228794876541458e-07,1.839998731156811e-07,0.2653836009949286
186.0,6.88e-06,4.512e-06,8.145e-06,2.516746796758821e-13,4.7376000000000004e-21,0.5420219321319527,3.7284659544407305e-07,2.0674186436698e-07,0.3428246176552632
187.0,4.192e-06,9.224e-06,3.6000000000000003e-06,1.8891811268984634e-13,4.818240000000001e-21,0.7302464908629598,3.4731503575649535e-07,1.8000014279095924e-07,0.5328425671133866
188.0,1.0544e-05,8.84e-06,9.9e-07,1.9050399253190739e-13,4.858560000000001e-21,0.7282018134323586,4.043679017033951e-07,2.0555339851820414e-07,0.3865299500744867
189.0,3.696e-06,9.12e-07,7.11e-06,2.904447301524301e-13,4.8787199999999994e-21,0.4789511488241427,4.624087154415281e-07,2.288274956617021e-07,0.3569281802468899
190.0,9.488e-06,8.192e-06,3.96e-06,2.1149240381905574e-13,4.8988799999999995e-21,0.6595593560460131,3.506250744045442e-07,1.9985521932299204e-07,0.4297052641171395
191.0,2.2e-06,9.032e-06,8.550000000000001e-06,1.9428257136691986e-13,4.907520000000001e-21,0.7188280247248188,3.8781143018290345e-07,1.751503319325021e-07,0.4158072705932075
192.0,3.408e-06,2.64e-06,7.2e-07,1.840167370652973e-13,4.910400000000001e-21,0.759226537227511,3.967657496277844e-07,1.6566834943659664e-07,0.2998424649179553
193.0,1.448e-06,1.384e-06,2.565e-06,2.162823985649843e-13,4.927680000000001e-21,0.6474773970323054,3.630138483107485e-07,1.752960434767591e-07,0.3505362087930775
194.0,8.568e-06,2.696e-06,4.095e-06,2.068431833297106e-13,4.942080000000001e-21,0.6783431217326866,3.709598181664674e-07,1.977727252577808e-07,0.4159290372781066
195.0,9.464e-06,7.656000000000001e-06,6.03e-06,2.1398863337267558e-13,4.988160000000001e-21,0.6597615516791058,3.565065942061384e-07,1.804170093072379e-07,0.5944194744892345
196.0,2.0240000000000004e-06,7.896e-06,5.94e-06,1.941849791669153e-13,5.0025599999999994e-21,0.7284448811648967,3.733377619193962e-07,1.7999991541728377e-07,0.3999546092507309
197.0,9.448e-06,8.920000000000001e-06,8.505e-06,2.0487935713177412e-13,5.086080000000001e-21,0.6980845823160134,4.1269165658872813e-07,2.0043978653833635e-07,0.4372352375611886
198.0,6.68e-06,4.752e-06,3.5550000000000003e-06,2.474089965568776e-13,5.091840000000001e-21,0.5785201217206348,4.77715035796086e-07,2.0126654622257248e-07,0.2996938099133933
199.0,1.704e-06,6.344e-06,7.424999999999999e-06,2.0546342336496354e-13,5.1263999999999995e-21,0.6997742078367559,3.594876539057905e-07,1.7236586503276997e-07,0.477611184101076
200.0,9.92e-06,8.8e-07,7.334999999999999e-06,1.7663106896837345e-13,5.256000000000001e-21,0.8276637446139766,3.0641109059525456e-07,2.0800001720999722e-07,0.6838192790547211
201.0,6.936e-06,3.424e-06,5.13e-06,2.647586306513547e-13,5.258880000000001e-21,0.5523692650742252,4.160711954938753e-07,2.56000021181535e-07,0.4021888228812859
202.0,9.88e-06,3.4160000000000004e-06,4.679999999999999e-06,1.964753517744178e-13,5.304960000000001e-21,0.7486821150057299,3.9476855988733874e-07,2.1355526943249717e-07,0.510516764611028
204.0,4.192e-06,2.7280000000000004e-06,9.18e-06,1.876356657947266e-13,5.359680000000001e-21,0.7893349008998184,3.4028703053485415e-07,1.7999991541728377e-07,0.5808213089399539
205.0,7.376e-06,6.8960000000000006e-06,2.07e-06,2.099435112604577e-13,5.3625600000000004e-21,0.7057156974399018,4.146218983125271e-07,1.7999991541728377e-07,0.3855451031407148
206.0,6.848e-06,2.336e-06,5.4e-06,2.3062361922123405e-13,5.448960000000001e-21,0.649315974765336,5.033600438062071e-07,1.7999991541728377e-07,0.259693081718702
207.0,1.0456e-05,6.736e-06,9e-06,2.51362821192853e-13,5.480640000000001e-21,0.5980496856640423,4.058851576598181e-07,2.0928283130890755e-07,0.5316437556168885
208.0,3.4000000000000005e-06,3.4400000000000005e-06,1.98e-06,2.5677056185475873e-13,5.480640000000001e-21,0.5854544037919922,5.594794990835715e-07,2.2499989427160474e-07,0.3218697378436359
209.0,6.72e-06,7.192e-06,3.645e-06,2.882304593199574e-13,5.489280000000001e-21,0.522100977964268,8.42190362683655e-07,1.750849153409966e-07,0.0371183743486509
210.0,1.008e-06,2.2160000000000005e-06,6.704999999999999e-06,2.610439892773753e-13,5.506560000000001e-21,0.577684449716324,4.325056037686319e-07,2.0799984667974059e-07,0.3121655754353754
211.0,6.984e-06,8.712e-06,3.06e-06,2.431311466091955e-13,5.5641599999999996e-21,0.6245634991000646,5.09109962144816e-07,1.921752581244333e-07,0.2237138402386814
212.0,8.624e-06,2.432e-06,2.16e-06,2.0937619940507265e-13,5.5699199999999995e-21,0.7257540208314813,3.533051136375068e-07,2.0861084701721265e-07,0.4028343852618062
213.0,3.68e-06,6.688e-06,1.665e-06,2.7130347354084133e-13,5.598720000000001e-21,0.562023664859846,5.089819199337679e-07,1.8412621242305766e-07,0.1912275800257313
214.0,7.312e-06,7.208e-06,5.895e-06,2.4713128365115043e-13,5.607360000000001e-21,0.6176304403251377,4.961809755290245e-07,1.7600041246623735e-07,0.2075843056318992
215.0,7.024e-06,3.816e-06,7.424999999999999e-06,2.786403628558752e-13,5.630400000000001e-21,0.5492873496698123,5.607162373506733e-07,1.7999991541728377e-07,0.2288255411067219
216.0,8.8e-06,2.400000000000001e-07,2.835e-06,2.2505324411163506e-13,5.685120000000001e-21,0.6844765978584169,3.458383041706189e-07,2.4209647852796105e-07,0.6683342275398471
217.0,4.104e-06,1.208e-06,6.93e-06,1.914373215183183e-13,5.6937599999999995e-21,0.8054840652863356,3.506858069149226e-07,1.7999991541728377e-07,0.4830725530399259
218.0,1.0112e-05,4.84e-06,8.055e-06,2.35755374853135e-13,5.722560000000001e-21,0.6562703119807235,4.347321260019082e-07,2.061259366723985e-07,0.3698850098059588
219.0,7.856e-06,3.64e-06,6.614999999999999e-06,2.1047736717807842e-13,5.736960000000001e-21,0.7363200103870867,3.770195717788344e-07,1.8444585412243282e-07,0.5343577729848509
220.0,2.7840000000000004e-06,4.992e-06,1.305e-06,1.973856840850533e-13,5.7974399999999995e-21,0.7906652438591937,3.7721101554055097e-07,1.3500005024980058e-07,0.4296152454806201
221.0,8.928e-06,6.3200000000000005e-06,2.925e-06,2.42538276344452e-13,5.857920000000001e-21,0.6479370216018768,4.94625806121956e-07,2.0120794179342728e-07,0.2470079556681598
222.0,8.976e-06,5.68e-06,5.985e-06,2.4224899802782313e-13,5.866560000000001e-21,0.64934845701377,5.668888949740237e-07,2.1742798005620885e-07,0.1636871733020496
223.0,8.880000000000001e-07,6.552e-06,6.3e-07,2.742450007397219e-13,5.880960000000001e-21,0.5745275892460275,6.992634434283243e-07,1.7012123667855606e-07,0.098019810417754
224.0,8.832e-06,2.3280000000000004e-06,8.685e-06,2.356114363085753e-13,5.904000000000001e-21,0.6704792218048881,4.657248839651977e-07,2.240770051380669e-07,0.2757845417637575
225.0,2.4240000000000004e-06,2.2480000000000003e-06,8.01e-06,2.0485040166843037e-13,5.904000000000001e-21,0.7711606673839917,3.747125440850273e-07,1.967741381174573e-07,0.4390799770493352
226.0,6.136e-06,4.800000000000001e-07,3.105e-06,2.2227854947880637e-13,5.9414399999999996e-21,0.7136978376235396,4.626570736061649e-07,1.839998731156811e-07,0.4256309527068477
227.0,9.2e-07,2.416e-06,2.565e-06,2.421076046174812e-13,5.964480000000001e-21,0.6569375473160686,4.059047743226056e-07,1.7947417029938805e-07,0.4881024112686246
228.0,1.0336e-05,3.312e-06,4.05e-06,2.189964999510968e-13,6.105600000000001e-21,0.7376763322675954,4.0875963801413843e-07,2.239994500996545e-07,0.5082211006280872
229.0,4.848e-06,2.7040000000000003e-06,1.8e-06,2.3086535768240924e-13,6.108480000000001e-21,0.6999721998947211,3.888693557938121e-07,2.400001903879456e-07,0.5394130642750109
230.0,4.152e-06,8.44e-06,4.545e-06,2.78090541626808e-13,6.1372800000000004e-21,0.5829283781468647,3.895777281745292e-07,2.2239568600132087e-07,0.5432993900484885
231.0,3.4880000000000003e-06,6.552e-06,6.48e-06,2.290843181298928e-13,6.151680000000001e-21,0.7087361544497541,4.0862824515460973e-07,2.2499989427160474e-07,0.518706475757688
232.0,9.216e-06,1.56e-06,1.665e-06,2.14265338202202e-13,6.177600000000001e-21,0.7598806635495318,3.848039375811535e-07,1.8515721376065597e-07,0.4538917987327793
233.0,9.736e-06,3.12e-06,7.334999999999999e-06,2.7132295746765266e-13,6.177600000000001e-21,0.6000822373763383,5.272259527531437e-07,1.8399987311568116e-07,0.1739809688898152
234.0,2.9760000000000004e-06,5.112e-06,8.55e-07,2.257905585332553e-13,6.2352000000000004e-21,0.7255688102042236,4.816790819676799e-07,1.349999934063817e-07,0.2737791453496604
235.0,7.184e-06,1.24e-06,4.499999999999999e-06,3.212692871606768e-13,6.272640000000001e-21,0.5119746883096726,6.2970889816176e-07,2.114629323107872e-07,0.2567443190248099
236.0,6.936e-06,3.3520000000000003e-06,5.535e-06,2.1309196735287282e-13,6.272640000000001e-21,0.7718814800990703,4.118970860740893e-07,1.9320410646497657e-07,0.3508214681717557
237.0,1.856e-06,5.36e-07,7.604999999999999e-06,3.1309478085919297e-13,6.298560000000001e-21,0.5267879233306564,5.026666492016217e-07,2.8000010843243217e-07,0.3299732379733886
238.0,5.44e-06,5.136e-06,1.62e-06,2.197595686167664e-13,6.3129599999999996e-21,0.751666200749472,4.265995083409507e-07,1.8961879626086526e-07,0.3261764269451562
239.0,6.712e-06,3.656e-06,8.505e-06,2.508995746367046e-13,6.379200000000001e-21,0.6629717326922479,4.328995912188294e-07,2.24426876113618e-07,0.3960857828854892
240.0,7.648e-06,9.176e-06,9.045e-06,2.3845125797581256e-13,6.480000000000001e-21,0.7049113615567076,4.434751244717397e-07,1.8949914616296445e-07,0.4961458827663886
241.0,9.336e-06,3.1280000000000004e-06,6.164999999999999e-06,2.2829838382572973e-13,6.5663999999999996e-21,0.7427902206075672,4.0064239584871163e-07,2.1762687169823065e-07,0.4508995074305891
242.0,7.336e-06,6e-06,1.71e-06,2.68544326679225e-13,6.635520000000001e-21,0.6358940836666743,5.856322454187118e-07,2.0800007405341606e-07,0.2598928469449096
243.0,8.824e-06,3.1920000000000005e-06,9.135e-06,3.5497663820610295e-13,6.647040000000001e-21,0.4816185588967541,6.73234108175227e-07,2.1430596636003537e-07,0.1209548564493502
244.0,4.216e-06,1.472e-06,8.415e-06,2.9204464473024345e-13,6.716160000000001e-21,0.5894526169304698,5.361336822798416e-07,1.839998731156811e-07,0.2599438702672131
245.0,7.784e-06,5.56e-06,8.46e-06,3.294631168516301e-13,6.724800000000001e-21,0.5229540975543806,5.548692842141198e-07,2.5237145882196164e-07,0.2664951185480924
246.0,3.5920000000000005e-06,6.056e-06,7.785000000000001e-06,2.3676141613355856e-13,6.883200000000001e-21,0.7390947567736932,3.858676993744099e-07,2.510199400252274e-07,0.5531119142930917
247.0,1.0784e-05,9.344e-06,2.835e-06,2.2367246415545569e-13,6.883200000000001e-21,0.7823453903069963,3.559060945991446e-07,2.149607606271874e-07,0.5406654117641368
248.0,7.6e-06,2.4240000000000004e-06,4.995e-06,2.614430109971093e-13,6.912000000000001e-21,0.6711860284567779,5.45031614764517e-07,1.9122236736015425e-07,0.167215420597971
249.0,1.472e-06,7.464e-06,2.565e-06,3.083883006842187e-13,6.958079999999999e-21,0.571538962890132,5.578113095857272e-07,1.8744208915874805e-07,0.2413233381823674
250.0,8.536000000000001e-06,4.136e-06,8.1e-07,2.2446037333876286e-13,6.98112e-21,0.7869754399773112,4.1130536576042337e-07,2.052634420811474e-07,0.5029236763412291
251.0,9.928e-06,4.4800000000000004e-07,7.695e-06,2.690927928298894e-13,7.162559999999999e-21,0.667771029464115,5.216694066044986e-07,1.969086518891028e-07,0.2036175763454103
252.0,1.992e-06,4.912e-06,2.115e-06,2.7181115147519184e-13,7.179840000000001e-21,0.6621555623377008,4.938771958520949e-07,2.0154842720153319e-07,0.287078296741083
254.0,2.6e-06,3.52e-06,6.48e-06,3.378568898121302e-13,7.234560000000001e-21,0.5354177441251547,4.751215115963518e-07,3.021006078720565e-07,0.4551004879590531
255.0,9.416e-06,1.008e-06,2.34e-06,3.198924899783637e-13,7.24896e-21,0.5662356587426491,6.128404659315743e-07,2.289343441302732e-07,0.1274145143258993
256.0,1.528e-06,7.528e-06,3.3300000000000003e-06,2.810423558295472e-13,7.251840000000001e-21,0.6446804339595726,4.82685385207063e-07,2.574151538677393e-07,0.430753187925419
257.0,9.904e-06,5.408e-06,2.205e-06,3.02197608649899e-13,7.28928e-21,0.6016115836666173,5.841053426559302e-07,2.623509264592101e-07,0.2052077736981289
258.0,6.2640000000000005e-06,6.392e-06,8.910000000000001e-06,2.303146705348097e-13,7.303680000000001e-21,0.7904183486775789,3.867891915619634e-07,1.919997885124758e-07,0.4753386796707548
259.0,2.392e-06,4.752e-06,2.925e-06,2.45240108009643e-13,7.35264e-21,0.7456267737286625,4.95183288662492e-07,1.7999991541728377e-07,0.3301743348691155
260.0,5.304e-06,4.88e-07,6.75e-06,3.165178862263724e-13,7.378560000000001e-21,0.5790733919566637,5.749333130513642e-07,2.0736942695075445e-07,0.1940752094429164
261.0,4.08e-06,6.056e-06,1.935e-06,2.985816286231315e-13,7.38432e-21,0.6141786483445811,4.664101376863192e-07,1.7999991541728377e-07,0.3545928984701074
262.0,1.0696e-05,5.224e-06,3.195e-06,3.129754146577484e-13,7.441919999999999e-21,0.5889755038635991,4.213433932088367e-07,2.59408154877885e-07,0.5017464048150728
263.0,1.0408e-05,5.496e-06,1.17e-06,3.037556987183466e-13,7.46496e-21,0.6081042145646274,7.887532833822755e-07,2.177624637604905e-07,0.1481205664166541
264.0,1.0136e-05,7.752e-06,8.46e-06,2.2446689533684072e-13,7.52832e-21,0.8275556448534428,3.591980500427185e-07,2.2499989427160474e-07,0.6452362497335306
265.0,8.648000000000001e-06,2.08e-07,4.005e-06,3.122102576278985e-13,7.542720000000001e-21,0.5957384269074206,6.960675765385439e-07,2.039195596830297e-07,0.1110466121160647
266.0,1.504e-06,2.2e-06,1.71e-06,2.853807877080937e-13,7.597439999999999e-21,0.6548938490615672,5.015628630893498e-07,2.444319935377643e-07,0.4029904953055735
267.0,6.536e-06,4.928e-06,8.28e-06,3.30655508163126e-13,7.62048e-21,0.5663652269503892,6.369623624824052e-07,2.15283193199761e-07,0.1696115089805014
268.0,7.416e-06,7.624e-06,9.045e-06,2.568730494063055e-13,7.634880000000001e-21,0.7299622370322715,4.282711468794368e-07,2.624747925309366e-07,0.4794365043443995
269.0,8.44e-06,2.2320000000000004e-06,8.64e-06,3.298553028563348e-13,7.701119999999999e-21,0.5717373722505785,4.516917570209332e-07,2.125631202779691e-07,0.313020359174707
270.0,4.656e-06,3.216e-06,4.499999999999999e-06,2.709966887703684e-13,7.741439999999999e-21,0.6983416984974383,4.504167937862384e-07,1.790337190325281e-07,0.3971061325034775
271.0,4.296e-06,3.1280000000000004e-06,1.935e-06,3.142291253662536e-13,7.75584e-21,0.6030087055192168,5.068192365775538e-07,2.979653757882968e-07,0.3551420115459731
272.0,7.744e-06,4.48e-06,7.83e-06,3.247085342147703e-13,7.914240000000001e-21,0.5914661554472517,4.473480390401974e-07,2.438461084483143e-07,0.4936204615234434
273.0,5.208e-06,1.512e-06,1.44e-06,3.406660927029862e-13,7.928639999999999e-21,0.5644441997266184,6.073735870707543e-07,2.210433552904927e-07,0.2111341831631139
274.0,9.584e-06,5.864e-06,3.06e-06,3.9583376622978716e-13,7.931520000000002e-21,0.4858947818325058,8.681267237739247e-07,2.282516354409329e-07,0.1129417301681962
275.0,6.248e-06,4.488e-06,5.715e-06,2.9803043740395415e-13,8.00352e-21,0.6492483590735278,5.051933002044129e-07,1.741177729780989e-07,0.410215894621638
276.0,9.024e-06,7.040000000000001e-07,2.295e-06,3.107344369985257e-13,8.052479999999999e-21,0.6252415647638264,7.566560778952909e-07,2.0758671939893738e-07,0.1270218006461859
277.0,7.496e-06,4.288e-06,2.07e-06,3.19040062471646e-13,8.07552e-21,0.6101255809405938,5.383815602809649e-07,2.2949209827516274e-07,0.2247228682244246
278.0,8.176000000000001e-06,8.88e-06,4.95e-06,2.645630866397893e-13,8.07552e-21,0.7357583627071315,4.727300149355192e-07,2.170289946965314e-07,0.3039146745749637
279.0,1.168e-06,8.608e-06,3.5100000000000003e-06,2.947833183175802e-13,8.130240000000001e-21,0.6633103875040854,5.424159057165205e-07,1.929710950217009e-07,0.2161183578286682
280.0,1.0368e-05,7.952e-06,6.974999999999999e-06,2.502436518206001e-13,8.18784e-21,0.7850559696038517,3.874491220681137e-07,2.583607447546857e-07,0.666305933728291
281.0,3.92e-06,4.464e-06,1.08e-06,3.015421086632224e-13,8.248319999999999e-21,0.6547062566630562,5.04947268045989e-07,2.586741618451129e-07,0.54532038625419
282.0,7.048e-06,8.472e-06,5.715e-06,3.845848531304623e-13,8.28e-21,0.5146502326701795,5.11991672638976e-07,2.802547472698616e-07,0.3020088719126602
283.0,9.352e-06,3.384e-06,8.1e-07,2.935922036461741e-13,8.372159999999999e-21,0.6791483013869232,4.137287713002326e-07,2.936405525103805e-07,0.6715520997384068
284.0,2.376e-06,2.256e-06,1.98e-06,3.153464337070338e-13,8.409600000000001e-21,0.6341808057282505,5.475585046685149e-07,1.887068822413312e-07,0.280822734381691
285.0,1.0408e-05,8.224e-06,4.725e-06,3.018035081698235e-13,8.527679999999999e-21,0.6688269599148876,4.416686389624969e-07,2.40943189627643e-07,0.4847421354682385
286.0,9.088e-06,3.52e-06,6.48e-06,3.6457813745124394e-13,8.533440000000001e-21,0.5539147484440735,6.089465913875694e-07,2.447277066699099e-07,0.1367316149568181
287.0,1.168e-06,8.776e-06,1.125e-06,2.6979661255882417e-13,8.533440000000001e-21,0.748509054206469,4.322466053109508e-07,2.483482504957652e-07,0.3938715139962409
288.0,7.368e-06,7.36e-07,2.025e-06,3.0868380404186577e-13,8.547839999999999e-21,0.6549495837437174,4.132988779902205e-07,2.739068473824296e-07,0.5770771881678823
289.0,6.72e-06,7.208e-06,1.53e-06,2.538640680854959e-13,8.585280000000001e-21,0.7987040105236909,3.666029961737635e-07,2.512882663648569e-07,0.6146251445967572
290.0,1.48e-06,2.3280000000000004e-06,3.69e-06,2.7241120775765984e-13,8.700480000000001e-21,0.7509677638429446,5.090823073662716e-07,2.117463216279282e-07,0.2585882605711227
291.0,4.944e-06,4.4800000000000004e-07,3.915e-06,3.414622269347006e-13,8.760960000000001e-21,0.6018790882846662,4.381244942821058e-07,2.3646965058569467e-07,0.3041378147134935
292.0,8.352e-06,2.472e-06,6.84e-06,2.82619513320435e-13,8.784e-21,0.7284675294115167,3.760822039153508e-07,2.524546272302191e-07,0.6254283193487945
293.0,4.736e-06,3.4160000000000004e-06,3.5550000000000003e-06,3.374068060587461e-13,8.78688e-21,0.6103141174991012,4.546054713490275e-07,1.870711994190989e-07,0.4222347437559237
294.0,9.04e-06,2.8000000000000003e-06,4.77e-06,3.292961999737368e-13,8.899199999999999e-21,0.6306640133942092,6.521923694185468e-07,2.032942057843365e-07,0.1655649033140952
295.0,2.528e-06,1.312e-06,1.71e-06,3.417837196174146e-13,8.922240000000002e-21,0.608670172668734,5.302821504339211e-07,2.242416007945992e-07,0.3339808869737958
296.0,9.608e-06,4.72e-06,3.3750000000000003e-06,2.832912712300419e-13,8.942399999999999e-21,0.7354508587765995,4.2612796313080363e-07,2.480001057847403e-07,0.523297214802211
297.0,8.456e-06,3.2560000000000003e-06,1.08e-06,3.4802261429148343e-13,9.08064e-21,0.6048127878815629,4.7570559528743356e-07,1.763855302988724e-07,0.2586185618638902
298.0,1.136e-06,7.52e-06,1.755e-06,3.70241484667485e-13,9.135359999999999e-21,0.5707985001743431,6.731904776156309e-07,2.289334832910831e-07,0.2218065935522581
299.0,6.712e-06,1.28e-06,4.905e-06,3.051113882634965e-13,9.218879999999999e-21,0.6968583064407704,5.025695557167396e-07,2.674442634876949e-07,0.4951012515237359
300.0,9.632e-06,7.28e-06,8.055e-06,3.2574790812285545e-13,9.31392e-21,0.6571898155763315,4.43765611483173e-07,2.2499989427160474e-07,0.4963401869293145
301.0,3.3600000000000004e-06,7.608e-06,1.485e-06,3.404973765056817e-13,9.36576e-21,0.6310528089348997,5.727025173600955e-07,2.2152438835040419e-07,0.2453671661277478
302.0,2.640000000000001e-07,1.184e-06,3.015e-06,4.5274857788386514e-13,9.426239999999999e-21,0.476635104230929,7.283537249229675e-07,2.3199999077405667e-07,0.1702988568251767
303.0,5.568e-06,2.8240000000000004e-06,7.965e-06,3.20584161422694e-13,9.446399999999999e-21,0.6740926886722324,4.7235565193319116e-07,2.528846589751832e-07,0.3430890448640712
304.0,6.752e-06,2.5600000000000005e-06,6.93e-06,2.8449350451217263e-13,9.457919999999999e-21,0.7602250808936006,4.159274684722473e-07,2.3026593118452686e-07,0.5182148292181444
305.0,4.36e-06,3.3200000000000004e-06,8.1e-06,3.176945174509782e-13,9.529919999999999e-21,0.6842275775559752,5.861387206093909e-07,2.715593932679893e-07,0.2743100130986495
306.0,1.0424e-05,7.920000000000001e-07,4.995e-06,3.543956311971376e-13,9.5328e-21,0.6134927281980515,8.156625498016249e-07,2.155008497699941e-07,0.1056800974259156
307.0,1.012e-05,4.352e-06,8.64e-06,3.512038539557604e-13,9.573120000000002e-21,0.6208125961127083,5.440698242045041e-07,2.4457515381328173e-07,0.2550739950592049
308.0,6.432e-06,6.08e-06,1.62e-06,3.007077228745543e-13,9.734399999999999e-21,0.7331829121578833,4.861631575436235e-07,2.159999894502107e-07,0.2598379831455316
309.0,7.84e-07,1.4e-06,4.23e-06,3.417629567993164e-13,9.93888e-21,0.6541099681079214,4.949658953317413e-07,2.2562498777215173e-07,0.4405020206783593
310.0,5.76e-06,1.688e-06,4.499999999999999e-06,3.439317725327936e-13,9.9504e-21,0.6504873463771962,5.909135253565483e-07,2.2251071269453858e-07,0.292178647120769
311.0,8.888e-06,8.512e-06,4.14e-06,4.227428779362811e-13,1.000224e-20,0.5310548003245098,7.234750187440534e-07,2.17718354425472e-07,0.1437346725741247
312.0,9.696e-06,2.9200000000000004e-06,6.66e-06,3.833528567886374e-13,1.010304e-20,0.589549310039411,4.918334100383119e-07,2.1842450573718837e-07,0.5060127852055345
313.0,1.0488e-05,4.016e-06,8.235e-06,3.738560890992041e-13,1.0244160000000002e-20,0.6101415035475223,5.026614030735971e-07,3.2903318908753773e-07,0.545811146669757
314.0,5.128e-06,1.272e-06,6.93e-06,3.134257079854908e-13,1.030752e-20,0.7307782836227137,4.455236160199096e-07,2.2499989427160474e-07,0.452728324027053
315.0,3.688000000000001e-06,1.552e-06,4.14e-06,3.2353155396265853e-13,1.032192e-20,0.7086108643423527,4.911150147723491e-07,2.1863114965016757e-07,0.3198820910926368
316.0,9.72e-06,3.48e-06,7.83e-06,3.967235001089667e-13,1.047456e-20,0.583561623008834,6.379653671117778e-07,2.827688973673097e-07,0.3987954238206557
317.0,9.976e-06,2.504e-06,8.235e-06,3.801914264085781e-13,1.047744e-20,0.6090485690439822,5.510640767831572e-07,2.61485380194074e-07,0.3906029862571255
318.0,5.104e-06,4.336e-06,8.145e-06,3.2873942693554593e-13,1.05984e-20,0.7097834494476127,5.541428372643117e-07,2.5372171875436586e-07,0.3501567854963306
319.0,5.856e-06,5.752e-06,2.565e-06,3.053926295620422e-13,1.0736639999999999e-20,0.7706748158631063,4.2300905956422045e-07,2.7683698568651904e-07,0.6834967470717319
320.0,4.08e-06,5.36e-06,1.935e-06,3.7351600723190804e-13,1.076544e-20,0.6312423033672567,6.760273118860849e-07,2.0231367796878307e-07,0.2222376430586391
321.0,2.4960000000000003e-06,8.872e-06,1.53e-06,3.350303633743017e-13,1.0912319999999999e-20,0.7101411593156063,5.70483966729748e-07,2.659603138663236e-07,0.3858631068942864
322.0,8.024e-06,2.7040000000000003e-06,4.005e-06,3.703156592737047e-13,1.112544e-20,0.6508139369370461,5.632049048094257e-07,2.6151749433104694e-07,0.3844821442070144
323.0,7.352e-06,3.736e-06,6.48e-06,4.935401668260007e-13,1.1255040000000002e-20,0.4921071209610782,1.000108670395282e-06,2.3023446326740122e-07,0.061476332331066
324.0,3.0720000000000004e-06,3.5440000000000003e-06,2.565e-06,3.301396195328552e-13,1.1298240000000002e-20,0.7375537497077621,4.434750907767369e-07,2.6598199951867645e-07,0.4326782811390016
325.0,6.576e-06,3.5520000000000005e-06,5.49e-06,4.4529865548407933e-13,1.1430720000000002e-20,0.5510806116401491,6.868944590023974e-07,3.131119362883395e-07,0.3960215038316321
326.0,5.704e-06,8.352e-06,4.275e-06,4.068540768944103e-13,1.14336e-20,0.6032547940944752,5.900457982576437e-07,2.542412470130517e-07,0.1799313681800511
327.0,6.848e-06,5.288e-06,7.2e-07,3.462705787502627e-13,1.1439359999999999e-20,0.709038280995472,5.75942419556934e-07,2.3534883662462717e-07,0.3030906824603816
328.0,4.024e-06,8.8e-06,5.625e-06,3.4884552110098974e-13,1.1462400000000002e-20,0.7047493430207327,5.027606568349357e-07,2.882568475542432e-07,0.3803443339367149
329.0,5.328e-06,8.96e-06,4.95e-06,3.0744582782301953e-13,1.148544e-20,0.800719881989832,4.1095509485690396e-07,2.590327678838252e-07,0.6425015562000076
330.0,4.528e-06,1.008e-06,1.305e-06,3.824357876375872e-13,1.148832e-20,0.6438182469738633,5.205500486184611e-07,2.658438799698868e-07,0.2760977027770376
331.0,5.664e-06,8.016e-06,9e-06,3.732135197567465e-13,1.1534400000000002e-20,0.6614902218316848,5.304445700932184e-07,2.699998731259257e-07,0.4390672998503066
332.0,2.848e-06,8.16e-06,7.2e-07,3.817904470023749e-13,1.163232e-20,0.6502843381407033,5.532919664801823e-07,2.699999868127634e-07,0.4021321687048622
333.0,4.936e-06,1.976e-06,1.395e-06,3.5468486913355073e-13,1.168128e-20,0.7019428457314524,4.6527405496236614e-07,2.829302878984444e-07,0.5655483742607829
334.0,8.48e-06,2.064e-06,4.589999999999999e-06,3.446482321863325e-13,1.1727359999999999e-20,0.7242829147782708,5.017703176964106e-07,2.6549256837585105e-07,0.5792952820406734
335.0,7.296e-06,3.872e-06,7.875e-06,4.932753418088384e-13,1.174464e-20,0.5065486836397354,5.846160139932745e-07,2.710577994133627e-07,0.1481705891851707
336.0,6.288e-06,8.848e-06,2.655e-06,3.985436945442386e-13,1.179936e-20,0.6288983903819858,6.08473516737252e-07,2.2061787660811505e-07,0.1649567972727488
337.0,5.496e-06,1.16e-06,3.4650000000000003e-06,3.038474398880581e-13,1.1810879999999999e-20,0.8254359525908036,4.725301773504081e-07,2.650992094585571e-07,0.527795503318645
338.0,4.800000000000001e-07,4.712e-06,1.215e-06,4.148584338889482e-13,1.1865600000000002e-20,0.60642533504008,5.227308362780696e-07,2.829247135055328e-07,0.3091066642841085
339.0,5.968e-06,7.784e-06,3.4650000000000003e-06,3.332774288220126e-13,1.1905920000000002e-20,0.7565776872639964,3.941682420450007e-07,2.453337480015195e-07,0.572297518504081
340.0,3.28e-07,2.4560000000000003e-06,4.365e-06,4.767761885196177e-13,1.1957760000000002e-20,0.530399112585996,6.920782965095549e-07,2.720000793487997e-07,0.215306315269966
341.0,9.736e-06,8.712e-06,8.685e-06,3.610213740541143e-13,1.196352e-20,0.700686682120024,5.298302897432824e-07,2.929389616931953e-07,0.5199741889264036
342.0,5.176e-06,3.576e-06,8.505e-06,5.246114427797306e-13,1.19808e-20,0.4826551126481036,5.772969727172727e-07,2.9235324921966865e-07,0.3871030159566281
343.0,7.216e-06,7.584e-06,6.614999999999999e-06,4.0352675930295693e-13,1.210464e-20,0.6318001189918029,5.475795637196059e-07,2.672529039326938e-07,0.5307100130340255
344.0,4.7200000000000004e-07,4.576e-06,1.755e-06,4.957141287714542e-13,1.2113280000000002e-20,0.5145497023133544,8.174142780099503e-07,2.464316755111993e-07,0.0630108310591811
345.0,1.008e-05,6.792e-06,8.550000000000001e-06,3.900522799860058e-13,1.2121920000000002e-20,0.6542477624074333,4.799999260285404e-07,2.659729653732966e-07,0.3177872519449515
346.0,8.152000000000001e-06,5.416e-06,8.01e-06,3.415588372567203e-13,1.2133440000000002e-20,0.7476090717623843,4.4749155955937837e-07,2.699998731259257e-07,0.5837812526841538
347.0,1.304e-06,4.088e-06,2.7e-06,3.34633130548903e-13,1.226016e-20,0.7683857110742455,4.67863244208146e-07,2.639248085406448e-07,0.4872660572739229
348.0,2.8000000000000003e-06,1.792e-06,5.85e-06,4.0807494045404273e-13,1.230336e-20,0.6315775531955716,5.43427723261862e-07,3.352589781380884e-07,0.4262901500079252
349.0,2.168e-06,1.248e-06,1.89e-06,4.149141075841982e-13,1.233216e-20,0.6221360345070776,5.924671054692237e-07,2.343181521792944e-07,0.4138383769287759
350.0,6.736e-06,5.112e-06,2.88e-06,4.461834146005658e-13,1.2453120000000002e-20,0.582312550371351,7.45348512678751e-07,2.1174086446343219e-07,0.1499505079890504
351.0,2.296e-06,7.992e-06,5.175e-06,5.303880482498739e-13,1.2600000000000002e-20,0.4937086755203729,7.288612850393133e-07,2.245329843784793e-07,0.2514722702819135
352.0,5.376e-06,3.136e-06,2.295e-06,4.697786550774986e-13,1.2608640000000002e-20,0.5576602309300951,5.313159055251353e-07,2.955072300675884e-07,0.2628861110981179
353.0,6.176e-06,4.136e-06,8.235e-06,3.806359146786138e-13,1.2637439999999999e-20,0.6893087087857062,4.48195569858839e-07,2.7346719377757784e-07,0.4231816333289716
354.0,9.024e-06,5.08e-06,9.045e-06,4.084074718738317e-13,1.279872e-20,0.647890289543845,5.086163735944897e-07,3.30250820580777e-07,0.6444521124720313
355.0,9.664e-06,4.504e-06,8.190000000000001e-06,3.56081171064913e-13,1.295136e-20,0.7489946204869254,4.117690781891466e-07,2.6804894799964e-07,0.551554034693281
356.0,8.016e-06,8.184e-06,6.57e-06,3.7102126952768826e-13,1.2988800000000002e-20,0.7202191595511563,4.970310699075831e-07,2.602031373813419e-07,0.4375613658317581
357.0,1.992e-06,2.0400000000000004e-06,8.595e-06,4.1863078079674294e-13,1.3112640000000002e-20,0.6423618282809118,5.726099055475679e-07,2.622744958400249e-07,0.3854441198547806
358.0,9.68e-06,1.648e-06,6.93e-06,4.004253278932695e-13,1.3115520000000002e-20,0.6716653235414106,5.983270275608279e-07,2.672030047163261e-07,0.3357351831546784
359.0,4.792e-06,5.136e-06,6.254999999999999e-06,3.552558852160439e-13,1.315872e-20,0.7587265364819661,4.351547033529317e-07,2.7000032787327655e-07,0.6251965608803423
360.0,2.184e-06,7.84e-07,6.93e-06,4.033764824742049e-13,1.327392e-20,0.6721089529814078,5.155400041164047e-07,3.056256807081448e-07,0.3865079144004554
361.0,7.592e-06,1.392e-06,9.09e-06,4.986152973253333e-13,1.3556160000000002e-20,0.5514121316821777,7.661923965476039e-07,2.634311453874896e-07,0.1135601911371344
362.0,5.696e-06,1.992e-06,5.49e-06,5.005515093687042e-13,1.3616640000000002e-20,0.5509116879187036,7.244268447784849e-07,2.9096436740526457e-07,0.2441196716893861
363.0,2.4400000000000004e-06,7.44e-06,2.745e-06,4.0745881086270653e-13,1.3789439999999998e-20,0.6824929413803026,4.903816817518534e-07,2.984949827072048e-07,0.5510945115455969
364.0,7.536e-06,2.776e-06,6.704999999999999e-06,3.847728463577102e-13,1.3916159999999998e-20,0.7271533077677886,4.832530117732742e-07,2.90199447310479e-07,0.5226537035705643
365.0,4.248e-06,6.968e-06,1.215e-06,5.415084733769329e-13,1.406592e-20,0.5203844330287396,7.17177780208491e-07,2.856210927568461e-07,0.2809510695386205
366.0,7.032e-06,1.28e-06,9e-06,5.292076556717641e-13,1.408608e-20,0.5329888290124215,8.741963768268856e-07,3.099531737564599e-07,0.1259422291772703
367.0,9.776e-06,6.224e-06,9e-06,4.83287977219126e-13,1.4198400000000002e-20,0.5867292478262176,6.785857868618394e-07,2.218180379847273e-07,0.2522212962271495
368.0,4.104e-06,2.912e-06,5.985e-06,4.814522437412125e-13,1.4270399999999997e-20,0.5909558105532591,6.773309310393539e-07,2.699998731259257e-07,0.3439164757744383
369.0,1.0256e-05,2.408e-06,7.424999999999999e-06,4.934165968609682e-13,1.447488e-20,0.582121561408661,6.180143975583352e-07,1.897925087084852e-07,0.262174678988459
370.0,5.152e-06,6.456e-06,2.655e-06,5.065952661729335e-13,1.472544e-20,0.5735023267655679,9.889923321021377e-07,2.2500012164528019e-07,0.0742276275862476
371.0,1.0128e-05,3.5280000000000004e-06,7.74e-06,4.16636820381969e-13,1.480896e-20,0.6999647715545778,5.796053055349263e-07,2.625519315063556e-07,0.4491994444550927
372.0,7.96e-06,8.176000000000001e-06,7.47e-06,6.48807332817339e-13,1.482912e-20,0.449895823228124,8.669260563273146e-07,3.713044526926074e-07,0.2419664627600001
373.0,9.632e-06,1.88e-06,1.305e-06,4.361244482519749e-13,1.4883839999999998e-20,0.6709400035175791,5.871139741395641e-07,1.800000291041215e-07,0.4059711858763181
374.0,8.32e-06,6.04e-06,8.82e-06,4.5034011807915546e-13,1.4918400000000002e-20,0.6507661960141895,7.683217983950852e-07,2.3364036550308333e-07,0.1318426631759059
375.0,9.664e-06,7.368e-06,3.96e-06,5.281204884420014e-13,1.505664e-20,0.5583456701872183,6.827325375062851e-07,2.446627340599729e-07,0.2584261095213617
376.0,6.144e-06,6.256e-06,2.43e-06,3.894871480195945e-13,1.5266880000000003e-20,0.7641134672734652,4.963797384706682e-07,3.390614622358802e-07,0.5911421435012397
377.0,6.456e-06,1.656e-06,1.44e-06,4.287156894631899e-13,1.5367680000000003e-20,0.6972474792427992,5.063947178822172e-07,2.65077203790552e-07,0.5798258930477844
378.0,1.544e-06,9.144e-06,2.115e-06,4.609657118525552e-13,1.5413760000000002e-20,0.6497623813653982,5.808947407900162e-07,2.708175058713287e-07,0.2717802036697596
379.0,8.48e-06,2.2720000000000004e-06,8.190000000000001e-06,4.244968550408733e-13,1.5419519999999998e-20,0.7057597455368391,5.475795637196059e-07,2.475871337774719e-07,0.221836319531555
380.0,8.52e-06,2.7840000000000004e-06,8.325e-06,4.622893056479004e-13,1.5523199999999998e-20,0.6509652111308118,5.818414291186635e-07,2.962239263854799e-07,0.478566426940726
381.0,5.048e-06,6.608e-06,6.974999999999999e-06,4.476629147881556e-13,1.5563520000000002e-20,0.6733975910232612,5.80894487601479e-07,2.2784532005054043e-07,0.4012060645231337
382.0,7.464e-06,3.992e-06,8.46e-06,5.588458884541288e-13,1.5644160000000002e-20,0.5412861278647766,7.600001481478103e-07,3.0267683835764084e-07,0.2223526110050902
383.0,8.400000000000001e-06,5.664e-06,8.190000000000001e-06,4.136540010556945e-13,1.5704640000000002e-20,0.7331602073986204,4.475678223245075e-07,3.308877627596087e-07,0.6396302929543402
384.0,1.0264e-05,1.664e-06,6.3e-07,5.265976293693851e-13,1.5762240000000003e-20,0.5773207698568604,6.699349127935356e-07,2.7000004365618224e-07,0.4164335537295736
385.0,1.028e-05,7.984e-06,7.83e-06,4.606921237446498e-13,1.5762240000000003e-20,0.6599108886889491,5.276465154658894e-07,3.9029166679249413e-07,0.5722185173502415
386.0,5.216e-06,1.872e-06,8.325e-06,4.586183050278609e-13,1.6021439999999998e-20,0.6701424123819283,6.43987579961411e-07,2.827789855952854e-07,0.2864136222996829
387.0,2.7120000000000005e-06,4.016e-06,4.23e-06,3.89891932675366e-13,1.6292159999999998e-20,0.7971235737536916,4.385217165039828e-07,3.101632371465772e-07,0.7129298362723174
388.0,9.488e-06,7.816e-06,5.085e-06,5.5083512782758e-13,1.6312319999999998e-20,0.5646850862396591,6.657874803950385e-07,2.6769124401929546e-07,0.2927209792612524
389.0,8.296e-06,3.2960000000000003e-06,2.745e-06,4.690565079117226e-13,1.6580159999999998e-20,0.6703754528574726,5.903762950694547e-07,2.320416735077514e-07,0.5204076838622391
390.0,1.0608e-05,4.792e-06,1.395e-06,5.867634116531602e-13,1.6617599999999998e-20,0.5367021067367703,6.128624121945658e-07,3.046349379763805e-07,0.4790681681407099
391.0,8.768e-06,1.696e-06,5.94e-06,4.470764887822672e-13,1.6724159999999998e-20,0.7074001847584483,6.389552599425354e-07,2.2768036672919935e-07,0.3881873910972689
392.0,8.048e-06,3.4160000000000004e-06,4.365e-06,4.449882460502507e-13,1.675008e-20,0.7114540269786092,6.288143389276562e-07,2.984740487136265e-07,0.326688150494875
393.0,8.960000000000001e-07,7.336e-06,2.52e-06,4.4197051441178133e-13,1.6934399999999997e-20,0.7215570985413188,5.322150837217283e-07,3.070217555651749e-07,0.4658037319131602
394.0,3.2080000000000005e-06,4.136e-06,2.295e-06,5.100715594876227e-13,1.7040960000000003e-20,0.627840104497527,6.830735567012999e-07,2.637215694818197e-07,0.2314969304458792
395.0,6.16e-07,1.168e-06,7.514999999999999e-06,4.3956316251166045e-13,1.7092799999999998e-20,0.7300259686067453,5.18025136083487e-07,2.642291390084722e-07,0.4277437205937034
396.0,5.336e-06,2.2880000000000004e-06,6.164999999999999e-06,5.954706385991704e-13,1.7231040000000002e-20,0.5417905586809076,6.536543446834654e-07,3.3518531081333004e-07,0.3015326040497002
397.0,8.408e-06,5.392e-06,8.955e-06,4.1168640208030964e-13,1.7311680000000003e-20,0.7860987018045896,4.791237984801703e-07,2.899321223868406e-07,0.4534981121107377
398.0,3.5920000000000005e-06,7.616e-06,5.76e-06,5.746721466139835e-13,1.7380800000000002e-20,0.5646471639538594,7.489031340510497e-07,2.961882424774124e-07,0.2687809778093277
399.0,6.472e-06,2.3280000000000004e-06,5.76e-06,3.863661503707153e-13,1.7426879999999998e-20,0.8413269759647196,4.923666989673664e-07,3.025853469994926e-07,0.4747596155757894
400.0,3.064e-06,8.016e-06,9.45e-07,5.123805321725688e-13,1.7576640000000003e-20,0.6380412284607683,6.138059522906563e-07,2.78428098221745e-07,0.5008767367334486
401.0,7.92e-06,5.416e-06,8.910000000000001e-06,4.4658052236523113e-13,1.7683200000000003e-20,0.7350071881655429,5.88867483813095e-07,2.720007614698261e-07,0.3666223521166285
402.0,7.344e-06,3.896e-06,6.254999999999999e-06,4.760515401899644e-13,1.7853120000000002e-20,0.6939149315039385,6.857491705057049e-07,2.701906331171275e-07,0.2801318765395996
403.0,9.544e-06,1.424e-06,2.835e-06,5.137050349356679e-13,1.7962559999999998e-20,0.6456777040408866,5.960928262175727e-07,3.618585776017242e-07,0.4372231506254944
404.0,2.448e-06,2.064e-06,3.5100000000000003e-06,4.150411787121164e-13,1.8273599999999998e-20,0.8083678130933855,4.447371030802882e-07,3.519999154377729e-07,0.7675661307554921
405.0,6.4e-07,8.856e-06,3.645e-06,5.319100069302682e-13,1.841184e-20,0.6339340681483484,7.163953153734933e-07,2.967003707244242e-07,0.3186712817659263
406.0,2.2640000000000003e-06,3.232e-06,4.679999999999999e-06,4.65083582529141e-13,1.8417599999999998e-20,0.7251733014126294,5.100131561417822e-07,3.149998519802466e-07,0.6362550327801118
407.0,6.672e-06,1.12e-06,7.514999999999999e-06,4.722202880507371e-13,1.8463680000000003e-20,0.7154044860540936,6.163951462825652e-07,3.1205607329695164e-07,0.4961595860552555
408.0,8.768e-06,6.032e-06,2.655e-06,5.074742736747909e-13,1.872288e-20,0.6719214875045142,5.848760368320483e-07,2.8482778475375884e-07,0.4107675105211797
409.0,7.784e-06,3.952e-06,6.254999999999999e-06,5.073268212517905e-13,1.885536e-20,0.6752835760936777,5.523531363905614e-07,3.150003067275975e-07,0.5399671925173186
410.0,2.2320000000000004e-06,3.832e-06,4.005e-06,4.3747590567584384e-13,1.987776e-20,0.811163276387703,4.923665696879586e-07,3.160787999401643e-07,0.5984229406757604
411.0,3.272e-06,5.12e-07,7.604999999999999e-06,7.067006508055608e-13,2.008512e-20,0.5056285487896839,8.355135604524953e-07,2.482233952304705e-07,0.1543341132615459
412.0,2.5760000000000004e-06,8.400000000000001e-07,1.44e-06,6.610572026727898e-13,2.0111039999999998e-20,0.5410051958987425,7.664126207729227e-07,3.350881091354655e-07,0.3097702971548697
413.0,3.0160000000000004e-06,5.8e-06,2.7e-06,5.039800326845427e-13,2.0174399999999998e-20,0.7111117898152165,5.475587276047849e-07,2.904480698557714e-07,0.3950790972739669
414.0,6.856e-06,4.744e-06,7.47e-06,5.905936006436355e-13,2.024928e-20,0.6083242248687382,8.285475999186443e-07,2.6046412705815885e-07,0.257234178514561
415.0,1.24e-06,4.912e-06,8.1e-07,5.500396873491308e-13,2.097504e-20,0.668690720403515,6.18442041808301e-07,2.887306565489756e-07,0.3355851367707791
416.0,3.96e-06,2.032e-06,5.94e-06,5.058489713116997e-13,2.1041279999999998e-20,0.7286372286112142,5.540692169522851e-07,3.160060267829011e-07,0.4310993411059436
417.0,8.44e-06,3.5680000000000004e-06,4.905e-06,6.566951229751905e-13,2.1058559999999998e-20,0.5615728639346407,7.465599160137135e-07,3.758955811538212e-07,0.3612114223928539
418.0,1.64e-06,9.44e-07,1.215e-06,5.079461506540017e-13,2.11824e-20,0.7288696962580765,6.283121593352658e-07,3.180362337423168e-07,0.5501570922706487
419.0,6.12e-06,7.56e-06,4.365e-06,6.118313616346899e-13,2.1395520000000004e-20,0.6091640807663878,9.376579943933414e-07,2.521271233149244e-07,0.1575638165493997
420.0,5.032e-06,4.968e-06,2.34e-06,6.238037666723169e-13,2.142432e-20,0.5980086913597416,7.668739039457874e-07,3.00308122625867e-07,0.1985517160594094
421.0,2.408e-06,8.000000000000001e-07,3.3300000000000003e-06,5.803001179046265e-13,2.167488e-20,0.6478422486338347,6.996151760671827e-07,3.19769196434138e-07,0.3533875658096544
422.0,4.664e-06,2.2320000000000004e-06,3.105e-06,6.724397117849825e-13,2.1772800000000003e-20,0.5607556094065081,7.247804699693814e-07,2.664920087723884e-07,0.2046807628118958
423.0,1.0224e-05,8.48e-06,2.52e-06,8.406614582806505e-13,2.2259519999999998e-20,0.4552048189938634,7.77063711099711e-07,3.285977711016215e-07,0.4454450896298345
424.0,2.4400000000000004e-06,8.736e-06,8.370000000000001e-06,5.479876862967098e-13,2.227104e-20,0.6985652695831586,5.841102286221358e-07,3.149786920836173e-07,0.4714836386844714
425.0,8.968e-06,1.504e-06,9e-07,5.785297709560448e-13,2.22768e-20,0.661800283958183,6.082761692425178e-07,3.297279734172345e-07,0.3960194021706545
426.0,7.152e-06,6.000000000000001e-07,8.685e-06,7.412922162778019e-13,2.2449600000000003e-20,0.5191590424206664,7.630399345442055e-07,3.396430652572757e-07,0.5633889492574078
427.0,2.408e-06,6.184e-06,7.38e-06,6.706981996573886e-13,2.2593600000000004e-20,0.5762539841069848,7.22032870025853e-07,2.755418912282616e-07,0.3295323263446275
428.0,2.376e-06,5.8800000000000005e-06,2.655e-06,6.236397787116524e-13,2.2740480000000003e-20,0.6224198014056638,7.783359380907574e-07,3.402563425686424e-07,0.3856804625731414
429.0,9.952e-06,5.64e-06,6.57e-06,6.1641198673493e-13,2.28096e-20,0.630993417382357,6.715813526515902e-07,3.395233944686335e-07,0.3724592660056864
430.0,3.672e-06,4.808e-06,8.1e-07,7.555354297861464e-13,2.2847040000000003e-20,0.5153661828358245,6.236027774164951e-07,3.1614029055978805e-07,0.4876662240734604
431.0,1.0288e-05,3.216e-06,5.715e-06,4.977755593580421e-13,2.284992e-20,0.7823006264641805,5.122719759478447e-07,3.111424879269786e-07,0.5843060299440976
432.0,6.056e-06,8.608e-06,5.085e-06,5.780700462045957e-13,2.2944960000000004e-20,0.6755049382654205,5.748807936970587e-07,3.2602081481798013e-07,0.5407783235589642
433.0,6.304e-06,3.64e-06,1.62e-06,6.127682150726492e-13,2.3106239999999998e-20,0.6402369690501953,5.560913061523411e-07,4.151849270302361e-07,0.8121772888075657
434.0,1.808e-06,7.08e-06,5.4e-06,7.239877619988693e-13,2.3400000000000003e-20,0.5464664086488094,1.08250127311516e-06,3.026502900418914e-07,0.080529921998804
435.0,1.096e-06,4.416e-06,2.025e-06,6.789257980356617e-13,2.3627520000000003e-20,0.5865079537053084,7.472591318331876e-07,3.187483540351291e-07,0.2455565900391435
436.0,7.656000000000001e-06,2.8800000000000004e-06,2.07e-06,7.510331687267362e-13,2.3771520000000003e-20,0.5323488354500806,8.169496548564446e-07,3.1483849896641296e-07,0.1989595684269049
437.0,9.928e-06,2.2e-06,9.09e-06,6.417693735684314e-13,2.3834880000000003e-20,0.6240898456903745,6.182397301921119e-07,2.908104505293616e-07,0.5166643223831298
438.0,1.72e-06,1.352e-06,6.974999999999999e-06,5.604351283077636e-13,2.392416e-20,0.7164456344975492,6.006486536287562e-07,4.029562814950731e-07,0.555059638809646
439.0,5.472e-06,8.576e-06,3.78e-06,7.781672417527835e-13,2.4056639999999998e-20,0.5178863838075516,7.538439076998205e-07,3.924397081311963e-07,0.4208440363655399
440.0,9.032e-06,5.096e-06,3.285e-06,6.058296228182122e-13,2.4240959999999998e-20,0.6686007039934483,5.476378153081777e-07,3.644731493205907e-07,0.5237194300157485
441.0,9.864e-06,2.6e-06,1.08e-06,5.452385955167915e-13,2.4802560000000004e-20,0.7543308566692029,6.580003127640661e-07,3.002397969118057e-07,0.495572072170629
442.0,6.96e-06,7.216e-06,7.2e-07,5.475216070541905e-13,2.5202880000000003e-20,0.7592468107280502,5.450359318210365e-07,3.280001692473889e-07,0.6002321817914029
443.0,7.072e-06,6.248e-06,2.025e-06,6.679762321077206e-13,2.5367040000000003e-20,0.6250330428487676,8.400245701345236e-07,3.40462495166385e-07,0.2379861316599384
444.0,5.048e-06,8.176000000000001e-06,6.57e-06,7.554123216323117e-13,2.539008e-20,0.5530224640803045,8.4547420186072e-07,3.6584019601903545e-07,0.3418024278138419
445.0,1.0128e-05,2.2480000000000003e-06,1.395e-06,7.958944207112799e-13,2.6297280000000003e-20,0.5373235613623262,1.010070980212569e-06,3.279999418737134e-07,0.1583487566740223
446.0,4.768e-06,3.0560000000000005e-06,6.3e-06,5.482553128429794e-13,2.63664e-20,0.7813911711473629,5.216697954702288e-07,3.5230609757651385e-07,0.565861700827062
447.0,4.664e-06,6.336e-06,3.285e-06,8.263207815307807e-13,2.682144e-20,0.5243929485203366,1.140062778295305e-06,2.133573230082876e-07,0.1174330521992078
448.0,6.984e-06,1.816e-06,6.434999999999999e-06,6.672554407048909e-13,2.7000000000000003e-20,0.6522806724882764,7.992342248886233e-07,3.112605229843202e-07,0.3080027476941791
449.0,5.456e-06,5.072e-06,6.524999999999999e-06,7.887708983744186e-13,2.848032e-20,0.571781134388151,7.984566661525713e-07,4.499997885432095e-07,0.304146602450209
450.0,4.52e-06,9.104e-06,4.319999999999999e-06,7.692856622463903e-13,2.9721600000000003e-20,0.6031767732034873,8.126836175050165e-07,3.2128534058438685e-07,0.2618144505493006
451.0,8.68e-06,7.76e-06,8.370000000000001e-06,9.387715254250153e-13,3.0009600000000003e-20,0.4974670886937917,9.57902461825845e-07,3.056909505196992e-07,0.1686992763402846
452.0,1.992e-06,9.192e-06,2.925e-06,7.503323167827654e-13,3.0196800000000003e-20,0.6249871492385933,8.525166946265648e-07,3.712746975329727e-07,0.3206008044034328
453.0,1.0136e-05,6.368e-06,1.62e-06,6.582175910148855e-13,3.0332160000000005e-20,0.7145789169308565,6.965546923876115e-07,3.264253115448238e-07,0.3806318131361481
454.0,9.576e-06,4.064e-06,5.76e-06,6.627810254125676e-13,3.0453120000000005e-20,0.7115442613981794,6.335169333272216e-07,3.191531827695484e-07,0.5038489953681067
455.0,8.896000000000001e-06,8.960000000000001e-07,3.015e-06,8.022755990890684e-13,3.066336e-20,0.5905278290486571,7.698743908028971e-07,3.257702212872448e-07,0.3825869471462579
456.0,6.672e-06,6.584e-06,8.145e-06,6.470084211338486e-13,3.0752640000000004e-20,0.7336616092443057,6.737590430484897e-07,3.4075683192068064e-07,0.356450672583991
457.0,8.176000000000001e-06,6.392e-06,6.57e-06,6.012988364349272e-13,3.1210560000000006e-20,0.797250502761253,6.10060222973276e-07,3.520003701851238e-07,0.6357240893685077
458.0,3.3600000000000004e-06,9.08e-06,5.985e-06,6.378026672228314e-13,3.1227840000000004e-20,0.7518982783823808,5.792118439274428e-07,3.684918206718168e-07,0.4761915738078569
459.0,1.608e-06,2.352e-06,4.275e-06,8.282785231205996e-13,3.1515840000000004e-20,0.5825416506031688,8.519328002627235e-07,3.658265164492836e-07,0.3866269674895272
460.0,8.344e-06,1.264e-06,3.3750000000000003e-06,7.073811332562213e-13,3.1576320000000004e-20,0.6829752961290025,6.476877475349222e-07,3.8573316981793293e-07,0.5930643265763403
461.0,5.52e-06,1.224e-06,7.2e-07,5.990859089894835e-13,3.1631040000000005e-20,0.8073663922276538,5.267695262986521e-07,3.9199994716909714e-07,0.7649133326899515
462.0,7.976e-06,7.928000000000001e-06,8.550000000000001e-06,8.874295193065373e-13,3.1665600000000006e-20,0.5454338259057615,9.773975039309268e-07,3.461925260482857e-07,0.1354938071594872
463.0,6.224e-06,4.368e-06,7.154999999999999e-06,8.396433937108169e-13,3.1677120000000004e-20,0.5766155839521644,9.372243193226772e-07,3.150003067275975e-07,0.2451322828922385
464.0,6.1280000000000005e-06,7.416e-06,3.105e-06,6.737017019921723e-13,3.2256e-20,0.7273724040771682,6.03927350996266e-07,3.653263569048965e-07,0.6601537971732236
465.0,2.8e-07,7.4e-06,3.105e-06,7.050883326373077e-13,3.2477759999999996e-20,0.6981755593697432,6.634366221165754e-07,3.602137898774096e-07,0.3379608724668361
466.0,3.1440000000000003e-06,1.424e-06,4.815e-06,8.128959747442075e-13,3.2739839999999997e-20,0.6088358073055167,7.254367182251355e-07,4.711401439508173e-07,0.585902855876512
467.0,1.8e-06,2.1120000000000003e-06,6.39e-06,9.374271392324019e-13,3.2929920000000005e-20,0.5299973755450922,8.46321681239701e-07,3.8073128914347284e-07,0.4019589925935335
468.0,1.704e-06,2.504e-06,5.4e-06,7.599732549126606e-13,3.299904e-20,0.654666351225066,7.904872331089287e-07,4.236293250369447e-07,0.4148881814140681
469.0,1.632e-06,8.592e-06,9.09e-06,6.728277960595251e-13,3.3298560000000006e-20,0.7439273087828481,6.577673480142772e-07,3.539683790032671e-07,0.3772870843371804
470.0,6.192e-06,7.136e-06,5.985e-06,7.207317079979767e-13,3.3451200000000005e-20,0.6966023953688201,8.409449955513284e-07,2.9112038512981256e-07,0.2742794320209778
471.0,3.96e-06,8.144e-06,5.76e-06,1.055021301980734e-12,3.4583040000000005e-20,0.486554702028351,9.813177453767326e-07,4.0846333252390646e-07,0.2097535481539195
472.0,8.08e-06,9.104e-06,7.02e-06,6.657011434996608e-13,3.461184e-20,0.7715331895914019,7.892950044304903e-07,3.612766224320064e-07,0.2832753349710243
473.0,2.9520000000000003e-06,7.152e-06,8.46e-06,1.056681715407777e-12,3.5216640000000003e-20,0.4917056634160656,8.965434774300915e-07,4.98499411073789e-07,0.3065476805236503
474.0,4.688e-06,8.464e-06,8.28e-06,1.23006082826738e-12,3.5616959999999996e-20,0.4255939396280448,1.2383908713237325e-06,3.616597867504578e-07,0.0951255473456479
475.0,1.9280000000000004e-06,5.6e-06,1.665e-06,1.0300420088131957e-12,3.5913600000000004e-20,0.5110559882883065,8.676853842878467e-07,3.318332202820208e-07,0.4317011383784609
476.0,1.152e-06,3.76e-06,2.07e-06,7.674003800915336e-13,3.6138239999999995e-20,0.6888216356659121,6.856230649406744e-07,3.187342816909275e-07,0.348322596696481
477.0,6.856e-06,3.5360000000000005e-06,4.185e-06,8.623714885644891e-13,3.7033920000000006e-20,0.6230499386970517,1.0153699344128282e-06,3.667840145536277e-07,0.2407973038522421
478.0,6.08e-06,7.040000000000001e-07,4.815e-06,9.450550721366717e-13,3.723264e-20,0.5705708252417127,8.544924963879328e-07,4.609265742824469e-07,0.3091095810405633
479.0,5.256e-06,5.528e-06,7.514999999999999e-06,1.1185296804167622e-12,3.725568e-20,0.4822789146885794,8.738957410557628e-07,3.738060792256466e-07,0.4339593000822497
480.0,1.0544e-05,1.568e-06,7.965e-06,8.54321624227556e-13,3.7304639999999997e-20,0.6319818814560936,7.911372413774707e-07,3.759996616281569e-07,0.4780358897936209
481.0,7.424e-06,4.504e-06,8.775e-06,8.563926136407726e-13,3.7872e-20,0.6368297916514475,9.301372414794864e-07,2.879996827687137e-07,0.3599163596557846
482.0,6.296e-06,6.248e-06,7.65e-06,8.815363071580036e-13,3.7932479999999996e-20,0.6193242406980427,7.928934176491673e-07,3.722817090881106e-07,0.3098323967736709
483.0,5.104e-06,3.384e-06,4.95e-06,8.491091416294969e-13,3.833568e-20,0.6475242765947966,6.326127499970385e-07,3.959287328698069e-07,0.6407319425227546
484.0,2.24e-06,2.8000000000000003e-06,1.98e-06,7.357722178144147e-13,3.8424960000000005e-20,0.7484274172421631,6.372640224544753e-07,3.3290098288046945e-07,0.5720706053722436
485.0,1.752e-06,2.28e-06,7.65e-06,1.048017526124166e-12,3.8566080000000006e-20,0.5267274002896831,9.612265426938044e-07,4.1269711949845053e-07,0.3042307860814889
486.0,9.208e-06,8.288000000000001e-06,5.895e-06,8.134749611910035e-13,3.9147840000000005e-20,0.685401637582336,6.890569437264903e-07,3.679997462313622e-07,0.4500307239260017
487.0,5.32e-06,5.744e-06,2.835e-06,7.232673095341654e-13,3.9225599999999997e-20,0.7719070697175694,6.422394747612632e-07,4.0500003706256393e-07,0.5939645137390244
488.0,2.9920000000000003e-06,6.048e-06,1.71e-06,1.0849436783541949e-12,3.9585599999999996e-20,0.5177281177773796,8.026733175592826e-07,5.275074344013658e-07,0.5110279160356571
489.0,1.0184e-05,7.920000000000001e-07,1.44e-06,7.571558233542818e-13,4.01904e-20,0.7494000941391555,7.419829332743625e-07,3.3758354630678134e-07,0.4785473456954714
490.0,7.568e-06,5.952e-06,5.985e-06,1.165964949483819e-12,4.069152e-20,0.4906832554532031,9.339157110722332e-07,4.339604789234134e-07,0.2889223701297875
491.0,2.2480000000000003e-06,3.4880000000000003e-06,2.835e-06,8.500812420140969e-13,4.132224e-20,0.679954097489324,8.910358621050199e-07,3.053885405183427e-07,0.2318670032712285
492.0,7.368e-06,2.9600000000000005e-06,7.56e-06,8.706510025930368e-13,4.1941439999999995e-20,0.6705053459971445,7.313276036122082e-07,4.1978441432736054e-07,0.4687503662432625
493.0,1.256e-06,5.808e-06,7.965e-06,1.0111212811556402e-12,4.2886079999999996e-20,0.5859921177285443,9.457156044985304e-07,3.953970153019623e-07,0.2565407356054516
494.0,3.0960000000000005e-06,3.680000000000001e-07,2.025e-06,7.945989200196387e-13,4.3133759999999996e-20,0.7485388846572683,6.157824221809325e-07,4.593584875292583e-07,0.8539796774938385
495.0,1.688e-06,6.768e-06,2.655e-06,8.58593970910097e-13,4.366368e-20,0.6984090317340301,8.158300801401688e-07,4.446546875094074e-07,0.7239581572984586
496.0,5.32e-06,5.72e-06,8.190000000000001e-06,9.842286017447212e-13,4.3761600000000013e-20,0.6101691852040818,8.415218811062247e-07,2.8307088849605685e-07,0.4466481228167979
497.0,1.0064e-05,7.208e-06,8.865e-06,9.759872513365294e-13,4.4637120000000006e-20,0.6235013866824943,8.193138104661367e-07,3.009303921026597e-07,0.342273511304688
498.0,4.416e-06,9.52e-07,9.45e-07,9.181320934002198e-13,4.4686079999999996e-20,0.6632752548402183,7.041057775452252e-07,3.993655374024204e-07,0.4962524965385678
499.0,1.784e-06,7.520000000000001e-07,8.415e-06,1.0920676722215937e-12,4.4953919999999996e-20,0.559860230888081,1.0170421915315356e-06,3.68740742127748e-07,0.308267858940779
500.0,1.0416e-05,1.9840000000000004e-06,6.075e-06,1.0132518061971864e-12,4.496256e-20,0.6034863130365596,8.043019966054148e-07,3.9769489355871196e-07,0.3992864864753037
501.0,8.904e-06,9.288e-06,6.254999999999999e-06,8.491967492855699e-13,4.4971200000000005e-20,0.72016517936585,6.471402666219056e-07,4.410939318386433e-07,0.6379791972900778
502.0,2.848e-06,8.192e-06,3.87e-06,9.221531154954054e-13,4.52304e-20,0.6657349729763697,8.311009531003642e-07,4.147952315095714e-07,0.3794507530605049
503.0,4.72e-06,7.872e-06,2.88e-06,1.101203276990348e-12,4.5282239999999996e-20,0.5579156760297558,7.994055682862431e-07,4.821317871255217e-07,0.3650579060365462
504.0,7.344e-06,1.376e-06,7.92e-06,8.381871681885943e-13,4.529664e-20,0.7331403267019112,7.295078439083699e-07,3.875550260489327e-07,0.4858846351321149
505.0,5.304e-06,7.16e-06,3.87e-06,9.990119128134145e-13,4.5383039999999997e-20,0.6158985477405025,8.396481400321654e-07,4.261378497551838e-07,0.3699842831056255
506.0,5.64e-06,4.84e-06,3.3750000000000003e-06,1.0490780066625029e-12,4.6820160000000007e-20,0.5988227220685565,9.539952135854696e-07,3.262194158233251e-07,0.2495054982256403
507.0,9.992e-06,4.664e-06,3.69e-06,9.146399179299417e-13,4.6877760000000005e-20,0.6874037132504794,7.90709976251777e-07,4.505190823557248e-07,0.4624053721891715
508.0,8.816e-06,3.312e-06,3.24e-06,8.57535642745891e-13,4.7361600000000006e-20,0.7382149816360979,6.54870127979092e-07,4.068788100263257e-07,0.581822990729347
509.0,7.688e-06,4.784e-06,8.550000000000001e-06,1.0504082271413466e-12,4.8464640000000005e-20,0.6119876675916461,1.0900358193168729e-06,4.03981711577967e-07,0.1522771884736835
510.0,6.152e-06,2.0240000000000004e-06,6.03e-06,9.885429904995224e-13,4.8680640000000007e-20,0.652217953895567,9.280344482803372e-07,4.310321564173459e-07,0.289714749582695
512.0,7.048e-06,8.792e-06,3.825e-06,1.114055211754171e-12,5.0546880000000006e-20,0.5934356681144647,1.417432608658838e-06,2.910833526033723e-07,0.0721832242252717
513.0,3.832e-06,3.1920000000000005e-06,2.79e-06,8.698871661365645e-13,5.066496e-20,0.7611898764482228,9.216075301187676e-07,3.942479927599021e-07,0.3065674272718195
514.0,5.776e-06,8.8e-06,3.645e-06,1.0972095137054413e-12,5.068512e-20,0.603644914054808,7.116425560404457e-07,4.91906582842538e-07,0.6885813111606778
515.0,1.392e-06,4.664e-06,9.45e-07,1.1132071494237017e-12,5.2303679999999997e-20,0.607569972283714,8.928368904182817e-07,4.699015402859847e-07,0.3116097991045782
516.0,7.088e-06,4.28e-06,3.6000000000000003e-06,1.5871671380952754e-12,5.235264e-20,0.4264032630234719,1.232955025467967e-06,5.48519335353264e-07,0.2857777317534215
517.0,8.28e-06,9.248e-06,2.475e-06,1.3515857084533206e-12,5.3573760000000013e-20,0.5084816507269759,1.0703569295159465e-06,4.160001481068321e-07,0.1888545212279685
518.0,7.72e-06,8.568e-06,6.704999999999999e-06,1.5793507572533305e-12,5.3916480000000014e-20,0.4370051471282486,1.1918116182567185e-06,4.405500738279391e-07,0.4067293598601897
519.0,6.248e-06,7.736e-06,8.775e-06,1.202572099930761e-12,5.3948160000000007e-20,0.5741483114026781,7.907104083637318e-07,4.816739443909355e-07,0.427203619232495
520.0,9.432e-06,4.192e-06,7.695e-06,1.1034901132168048e-12,5.436863999999999e-20,0.6289478802203787,9.001969155569794e-07,4.191085071932855e-07,0.3487604020716963
521.0,8.144e-06,4.168e-06,7.514999999999999e-06,1.3341413317784559e-12,5.632991999999999e-20,0.5326497268030099,8.662446774803812e-07,4.580344638811697e-07,0.5987207333942726
522.0,1.592e-06,4.192e-06,1.215e-06,1.18082320271716e-12,5.644223999999999e-20,0.6026087132404258,7.519997780036647e-07,4.74522465156899e-07,0.4445665565722364
523.0,3.7600000000000003e-07,9.032e-06,8.370000000000001e-06,1.2689332104616888e-12,5.675040000000001e-20,0.5628050408354645,9.801852845086915e-07,5.029659956308202e-07,0.462706607021368
524.0,6.68e-06,6.576e-06,3.195e-06,1.1737450605263577e-12,5.684543999999999e-20,0.6091264176081708,8.080000952759292e-07,4.618286717535928e-07,0.4864851047407415
525.0,5.44e-07,7.352e-06,3.645e-06,1.2101305580311942e-12,5.705568000000001e-20,0.5922673890092675,7.582792783914125e-07,3.819216619245351e-07,0.5913641073299731
526.0,2.7120000000000005e-06,2.888e-06,1.26e-06,1.193535796217263e-12,5.806656000000001e-20,0.6075743176386438,9.15309499574597e-07,3.7700636926201474e-07,0.3118993456858629
527.0,1.0008e-05,8.544e-06,7.92e-06,1.6653557802440345e-12,6.045695999999999e-20,0.447309339496133,1.6753248517294242e-06,4.456003508532543e-07,0.1510105487130843
528.0,5.24e-06,5.272e-06,9.45e-07,1.4292317420163956e-12,6.071903999999999e-20,0.5227147267264628,1.1039118624264404e-06,5.417671139258685e-07,0.4155200471717408
529.0,2.7600000000000003e-06,7.040000000000001e-07,7.83e-06,1.2199677858368965e-12,6.085728000000001e-20,0.6133063388608712,9.352504093962954e-07,4.356640163828104e-07,0.429005342924461
530.0,5.968e-06,1.536e-06,8.910000000000001e-06,1.0674888956976994e-12,6.090047999999999e-20,0.7012419716600089,8.079999815890915e-07,4.500006980379112e-07,0.5118637345255129
531.0,4.096e-06,7.1440000000000005e-06,8.955e-06,1.647989522677647e-12,6.220224000000001e-20,0.4606810640486758,1.2092035634192564e-06,4.614636809520185e-07,0.4087385625277704
532.0,7.760000000000001e-07,8.160000000000001e-07,8.505e-06,1.2566149766346196e-12,6.453504000000001e-20,0.6191733879316165,8.256855766726239e-07,4.2066438280860203e-07,0.5330982031864281
533.0,5.36e-06,3.0960000000000005e-06,6.884999999999999e-06,1.2383967129645134e-12,6.517440000000001e-20,0.6324249984436717,1.072555978101132e-06,4.334026357931578e-07,0.3202311302300108
534.0,8.632e-06,1.208e-06,8.955e-06,1.3703066520717533e-12,6.520895999999999e-20,0.5717478511617845,9.589438502057454e-07,3.998969536579311e-07,0.2609997871136957
535.0,6.7040000000000005e-06,2.376e-06,2.295e-06,1.2692508498227636e-12,6.649920000000001e-20,0.6253852136483019,1.265248264257995e-06,4.668572128446767e-07,0.2473802314463663
536.0,5.168e-06,7.552e-06,6.524999999999999e-06,2.3377425154133967e-12,7.011359999999999e-20,0.3517404328517971,1.7185620309814012e-06,5.142990770900005e-07,0.1815924536472001
537.0,1.232e-06,1.536e-06,8.685e-06,1.254381149732554e-12,7.022592000000001e-20,0.6562251896962248,9.63498364408693e-07,4.138562329716112e-07,0.2385228991593994
538.0,7.424e-06,6.88e-06,6.75e-06,1.3437253812740744e-12,7.089408000000001e-20,0.6164723247789438,8.495144503220992e-07,5.722516459341076e-07,0.5700214173676764
539.0,3.728000000000001e-06,8.112e-06,1.8e-06,1.4411478006884488e-12,7.132607999999999e-20,0.5771311366022701,9.918511532669892e-07,5.439999313239241e-07,0.3089468107111488
540.0,1.096e-06,5.6e-07,6.614999999999999e-06,1.6349400430639528e-12,7.267104e-20,0.5150980163299885,9.186129826701896e-07,4.505872783083709e-07,0.5710942977867826
541.0,7.376e-06,7.92e-06,5.22e-06,1.0508128205792369e-12,7.352352000000001e-20,0.8076867450514792,7.781945300755876e-07,4.696920855103828e-07,0.5593462561754572
542.0,9.04e-07,6.448e-06,2.43e-06,1.3219261914039266e-12,7.426368000000001e-20,0.6463402886189762,8.278886754132158e-07,5.45878032655128e-07,0.4833483221616744
543.0,9.376e-06,6.208e-06,1.575e-06,1.3383190167010944e-12,7.518240000000001e-20,0.6436779009116653,9.530342993609218e-07,4.192782969108481e-07,0.3781632291093054
544.0,9.112e-06,2.3440000000000003e-06,7.83e-06,1.2489254503892953e-12,7.623360000000001e-20,0.6961645346556486,9.951547233537218e-07,4.222014739367584e-07,0.2611617287602081
545.0,8.648000000000001e-06,3.3360000000000003e-06,7.02e-06,1.2205883785331338e-12,7.645824000000001e-20,0.7137252997575859,7.493290416758273e-07,5.36463725026512e-07,0.6393062408740788
546.0,4.688e-06,8.944000000000001e-06,7.65e-07,1.5203843491184461e-12,7.675776000000001e-20,0.5744853114959863,1.1216417193941166e-06,4.743107396648083e-07,0.2767183529592464
547.0,4.92e-06,4.104e-06,6.614999999999999e-06,1.2162755087228397e-12,7.844255999999999e-20,0.7285958084521376,8.355884073110993e-07,4.949997673975304e-07,0.5249589988020943
548.0,2.504e-06,9.008e-06,6.84e-06,1.7772260301236272e-12,8.091935999999999e-20,0.5090687271132046,1.1578837344696495e-06,4.643630619250212e-07,0.4865492731752842
549.0,7.816e-06,2.088e-06,6.974999999999999e-06,1.6719225359881837e-12,8.141471999999999e-20,0.5433378107181583,8.672508439982238e-07,6.037381628039468e-07,0.5946497617872188
550.0,9.408e-06,3.424e-06,8.775e-06,1.9652167221895736e-12,8.806751999999999e-20,0.4870993140928875,1.3339599098602416e-06,5.85000634600874e-07,0.4642726440458094
551.0,4.592e-06,6.944e-06,5.22e-06,2.3896306636615124e-12,8.882495999999999e-20,0.4028809097013069,2.052674143439831e-06,4.5329957709216694e-07,0.0775151529811496
552.0,7.768e-06,8.32e-07,5.625e-06,1.339499933557488e-12,9.023616e-20,0.7263208285385567,9.155457768040684e-07,5.115852073610649e-07,0.4857222849726202
553.0,9.448e-06,4.464e-06,6.884999999999999e-06,2.1318661745795835e-12,9.071136e-20,0.4579646654926256,1.5575570638764808e-06,6.101284897071638e-07,0.1883366175509213
554.0,3.0960000000000005e-06,7.224e-06,6.254999999999999e-06,1.4062754875925598e-12,9.130752e-20,0.6972974587479849,9.91488055077584e-07,5.519996193470433e-07,0.592250094635687
555.0,8.160000000000001e-07,3.72e-06,4.589999999999999e-06,1.8414983180390906e-12,9.350208e-20,0.5409954917228383,1.4798491385889216e-06,4.289211092103015e-07,0.2015555995347344
556.0,8.456e-06,8.016e-06,1.665e-06,2.5916696398633614e-12,1.058256e-19,0.417476124252988,1.5988110277743178e-06,4.5975538303349286e-07,0.3917843189595301
557.0,1.688e-06,6.24e-06,2.25e-06,2.2515408525734805e-12,1.0583424e-19,0.4805682671740532,1.4433833801994029e-06,5.62286816287564e-07,0.3608608673633796
558.0,4.856e-06,8.880000000000001e-07,7.875e-06,2.0382195708794054e-12,1.0755648000000001e-19,0.5366084956939787,9.561437077503957e-07,6.095695398481482e-07,0.5655991713818341
559.0,7.688e-06,1.312e-06,2.475e-06,1.9453932222209e-12,1.0834848000000003e-19,0.5649698535458433,1.0244108461001496e-06,5.0601475496503e-07,0.3915093044477003
560.0,6.008e-06,7.752e-06,5.445e-06,1.7609779495906042e-12,1.1400192e-19,0.6456616382474681,1.110891841091572e-06,5.354838585263338e-07,0.3592628026325848
561.0,5.6320000000000005e-06,1.352e-06,7.965e-06,1.8735652973404574e-12,1.1488608000000002e-19,0.6099958751617495,1.222813969073013e-06,5.418363693478192e-07,0.4305172943780204
562.0,6.976e-06,7.584e-06,2.205e-06,3.123420844717235e-12,1.1619359999999998e-19,0.3686733612980618,2.033799898357105e-06,7.805536855814398e-07,0.2534913015136585
563.0,6.632e-06,1.664e-06,3.69e-06,2.7474413595212667e-12,1.3404383999999999e-19,0.4610205309356068,1.945981401608108e-06,6.198655797344476e-07,0.1074950536818379
564.0,6.312e-06,5.912e-06,6.66e-06,2.5537525966452018e-12,1.4251104000000002e-19,0.5166593694039147,1.1516603257868334e-06,5.839997356815729e-07,0.473134394632439
565.0,8.888e-06,4.136e-06,1.8e-06,2.1617642667194607e-12,1.4519520000000002e-19,0.6179840936146396,1.1622539552929923e-06,6.090343409545473e-07,0.4243535611798313
566.0,2.064e-06,3.2960000000000003e-06,7.11e-06,1.998234448091065e-12,1.4528448000000005e-19,0.6688321871205183,1.2440066337934984e-06,4.879999551121728e-07,0.550500519415982
567.0,6.488e-06,6.376e-06,4.95e-06,2.5920950744572506e-12,1.6088256000000002e-19,0.5518730374473566,1.523216059344158e-06,5.055522515409657e-07,0.1117748534216272
568.0,1.976e-06,7.336e-06,4.275e-06,2.6623910332895668e-12,1.6131455999999998e-19,0.5382631655110965,2.2598095124102046e-06,5.449838696405891e-07,0.1158794435265246
569.0,3.704000000000001e-06,8.632e-06,3.285e-06,3.1109995990892654e-12,1.6259040000000002e-19,0.4630708418647684,1.2735826041141171e-06,8.10565092569039e-07,0.5681743052277174
570.0,2.4800000000000004e-06,7.8e-06,8.910000000000001e-06,2.351486081624521e-12,1.6801344000000002e-19,0.6261875008942999,1.2542359115830612e-06,6.164918800053569e-07,0.4049576709761301
571.0,9.2e-06,6.392e-06,8.595e-06,2.967400061593003e-12,1.8177984000000005e-19,0.5229640488611914,1.391183442657698e-06,7.324892737664025e-07,0.578259779664557
572.0,3.88e-06,2.1920000000000004e-06,3.4200000000000003e-06,2.4197605968765847e-12,1.8258623999999998e-19,0.6432163682126733,1.223897978838751e-06,7.029545763500923e-07,0.696249734797833
573.0,7.712e-06,7.256e-06,3.4650000000000003e-06,3.6014440317578826e-12,2.1551904000000005e-19,0.4826858308718204,1.6760250038093344e-06,7.571237338104742e-07,0.5587937391329292
574.0,6.528e-06,5.256e-06,1.8e-06,4.4956571089885494e-12,2.2712832000000004e-19,0.4004409386577708,2.0820125042524456e-06,7.406605955987922e-07,0.1742475320190347
575.0,5.84e-06,3.5680000000000004e-06,1.035e-06,4.354728559322318e-12,2.3171327999999997e-19,0.4189449741866006,1.6434293813588165e-06,9.533063158983864e-07,0.4853684310850241
576.0,4.848e-06,6.608e-06,8.235e-06,3.1782649724948482e-12,2.3788512e-19,0.584169494704198,1.4000002011016477e-06,7.120002010196913e-07,0.3179479903030536
577.0,7.0640000000000005e-06,2.1120000000000003e-06,8.1e-06,3.7189856220914896e-12,3.284668800000001e-19,0.6190428074926573,1.8150382867306084e-06,6.863417795543148e-07,0.2485659751210338
578.0,3.2800000000000004e-06,3.808e-06,7.154999999999999e-06,8.796408079661448e-12,3.5642592000000004e-19,0.276370451828465,3.280632714488884e-06,1.0021027410171086e-06,0.1429605414588832
579.0,9.08e-06,1.28e-06,7.2e-06,6.154896582715583e-12,3.82032e-19,0.4136787308973608,2.4042683918445518e-06,1.009486388979612e-06,0.3276693075312194
